Unnamed: 0,length,wingLength,appliedElectricField,activeMaterialThickness,multiLayers,staticStrokeAmplitude,operatingFrequency,width,transmissionRatio,naturalFrequency,netThrust,loadedDisplacement,liftableMass,totalMechanicalMass,appliedVoltage,intBulk,intCapacitance,intResistance,intInductance,averageCurrent,xt018-m0-mass,xt018-m0-area,xt018-m0-current,xt018-mem-mass,xt018-mem-area,xt018-mem-current,IMU-sensor-mass,IMU-sensor-area,IMU-sensor-current,total-additional-mass,total-additional-current,ccount,boost-frequency,inductance,boost-mass,vin,load,battery-mass,battery-alpha,runtime
2.0,0.005,0.0085714285714285,500000.0,0.000127,1.0,30.0,364.28571428571433,0.0019453397559009,12330.104152890985,351.11917342151344,0.0,0.0001790591109136,0.2632228009693323,0.0604378155363319,63.5,3.793299511801979e-09,6.029763092215216e-10,1215.93,0.446604021742174,0.0001060078867855,0.00148,6.65847e-07,0.0154111111111111,0.01157,6.76e-06,0.0805555555555555,0.023,9e-06,0.0031111111111111,0.03605,0.0990777777777777,1.0,550700.9276222159,1.9e-06,0.12776,3.3997623448219128,0.03800476647823894,0.038974985433000375,0.27724001392373404,66.29567715846267
3.0,0.005,0.0085714285714285,500000.0,0.000127,1.0,30.0,432.1428571428572,0.0029545483528075,12330.104152890985,422.9242874389499,0.0,0.0002004915187018,0.3477462326929705,0.0917919082250263,63.5,5.8117167056151874e-09,5.650548980344418e-10,929.565494157722,0.4941544051960739,0.0001792390141139,0.00148,6.65847e-07,0.0154111111111111,0.01157,6.76e-06,0.0805555555555555,0.023,9e-06,0.0031111111111111,0.03605,0.0990777777777777,1.0,923469.600029367,1.9e-06,0.12776,3.3107876387907296,0.04926738749484436,0.09214432446794418,0.3321131996739023,144.83602576476662
4.0,0.005,0.0085714285714285,500000.0,0.000127,1.0,30.0,500.0,0.0041396392145691,12330.104152890985,464.1588833612782,0.0,0.0001889691331923,0.3878748012804106,0.1286103111182335,63.5,8.181898429138245e-09,5.047752513509416e-10,574.0382356292632,0.566906738169327,0.0002640181720597,0.00148,6.65847e-07,0.0154111111111111,0.01157,6.76e-06,0.0805555555555555,0.023,9e-06,0.0031111111111111,0.03605,0.0990777777777777,1.0,1017644.373790533,1.9e-06,0.12776,3.470099461412493,0.029101333998418657,0.09545449016217708,0.22703647727899887,173.64429138725717
7.0,0.005,0.0085714285714285,500000.0,0.000127,1.0,47.14285714285714,432.1428571428572,0.0075019799012745,19375.87795454297,422.9242874389499,0.0,0.0001304979886133,0.4477085216133972,0.2330715115727988,63.5,1.4906579802549176e-08,7.742743943310452e-10,215.85080394901647,0.4793314025917396,0.0004291199614934,0.00148,6.65847e-07,0.0154111111111111,0.01157,6.76e-06,0.0805555555555555,0.023,9e-06,0.0031111111111111,0.03605,0.0990777777777777,1.0,1501061.811113805,1.9e-06,0.12776,3.3756128360525617,0.04106166632246055,0.05082701004059828,0.29300577425646246,84.5698534291442
122.0,0.005,0.0121428571428571,500000.0,0.000127,1.0,30.0,296.42857142857144,0.0061756857561909,12330.104152890985,291.5053062825179,0.0,0.0001538722073972,0.4690128485482897,0.19186620507334,63.5,1.2253991512381877e-08,6.082152053781889e-10,268.9025697523625,0.5537532154371604,0.000246050670548,0.00148,6.65847e-07,0.0154111111111111,0.01157,6.76e-06,0.0805555555555555,0.023,9e-06,0.0031111111111111,0.03605,0.0990777777777777,1.0,1102542.8989101532,1.9e-06,0.12776,3.4849501949039223,0.027221494315959244,0.1133366434749496,0.21553168014900326,209.2429839865603
658.0,0.0071428571428571,0.0085714285714285,500000.0,0.000127,1.0,30.0,364.28571428571433,0.0013786316552844,6041.751034916581,351.11917342151344,0.0,0.0003917015394243,0.2552025208706492,0.0611876118091102,63.5,3.6372361677117515e-09,5.920050358253871e-10,1285.8685714285716,3.1017233972008027,0.0001023863441355,0.00148,6.65847e-07,0.0154111111111111,0.01157,6.76e-06,0.0805555555555555,0.023,9e-06,0.0031111111111111,0.03605,0.0990777777777777,1.0,568500.448271861,1.9e-06,0.12776,3.404714886407504,0.03737786248006282,0.030204909061538998,0.2739195126667925,51.61399159731833
659.0,0.0071428571428571,0.0085714285714285,500000.0,0.000127,1.0,30.0,432.1428571428572,0.0021241298031341,6041.751034916581,385.3528593710531,0.0,0.0003923733199706,0.2687871644719856,0.0942749496053877,63.5,6.1922583257775566e-09,9.8365637267135e-10,1012.175073867829,1.51430561746159,0.0001837623719234,0.00148,6.65847e-07,0.0154111111111111,0.01157,6.76e-06,0.0805555555555555,0.023,9e-06,0.0031111111111111,0.03605,0.0990777777777777,1.0,896663.2803252554,1.9e-06,0.12776,3.304304458907137,0.050088043176311825,0.010702214866597781,0.3357876680860289,16.729607390488404
660.0,0.0071428571428571,0.0085714285714285,500000.0,0.000127,1.0,30.0,500.0,0.0030459182566921,6041.751034916581,464.1588833612782,0.0,0.0004754622743961,0.6535393324988014,0.1351865548555902,63.5,9.572149322157102e-09,1.245309097841983e-09,889.2699467267547,1.1632670659494315,0.0003272406966806,0.00148,6.65847e-07,0.0154111111111111,0.01157,6.76e-06,0.0805555555555555,0.023,9e-06,0.0031111111111111,0.03605,0.0990777777777777,1.0,1401645.6694382972,1.9e-06,0.12776,3.4424124447699627,0.03260601964937182,0.35454277764321096,0.2476084399632401,627.7947890852282
663.0,0.0071428571428571,0.0085714285714285,500000.0,0.000127,1.0,47.14285714285714,432.1428571428572,0.0053793522350489,9494.180197726057,385.3528593710531,0.0,0.0002735810889822,0.40844327150308,0.238751021769288,63.5,1.5397381797338766e-08,1.261969981815258e-09,336.3408988703273,1.160049713562469,0.0004158655912533,0.00148,6.65847e-07,0.0154111111111111,0.01157,6.76e-06,0.0805555555555555,0.023,9e-06,0.0031111111111111,0.03605,0.0990777777777777,1.0,1618796.5740769727,1.9e-06,0.12776,3.3961758126680053,0.03845875789012592,0.005882249733791978,0.2796257569187916,9.972562884973941
733.0,0.0071428571428571,0.0121428571428571,500000.0,0.000127,1.0,30.0,296.42857142857144,0.0043452680757521,6041.751034916581,291.5053062825179,0.0,0.0003201160332291,0.4669508777638318,0.1928554122535275,63.5,1.2570509008647253e-08,1.2594817964697212e-09,539.4310058457694,1.1369927968429736,0.0002640640031855,0.00148,6.65847e-07,0.0154111111111111,0.01157,6.76e-06,0.0805555555555555,0.023,9e-06,0.0031111111111111,0.03605,0.0990777777777777,1.0,1017400.0582205317,1.9e-06,0.12776,3.4700539295765456,0.029107097521956293,0.11028546551030419,0.22707123171821422,200.61476859740685
1305.0,0.0092857142857142,0.0085714285714285,500000.0,0.000127,1.0,30.0,364.28571428571433,0.0011681606402603,3575.000612376676,319.92671377973846,0.0,0.0007553664528335,0.2754782144507753,0.0674001988615564,63.5,4.2442539896126726e-09,6.642313192540962e-10,1340.625044415242,5.601316284648885,0.0001078935681996,0.00148,6.65847e-07,0.0154111111111111,0.01157,6.76e-06,0.0805555555555555,0.023,9e-06,0.0031111111111111,0.03605,0.0990777777777777,1.0,540602.3037135134,1.9e-06,0.12776,3.3968865549462244,0.0383687905131362,0.04426801558921878,0.2791542269133003,75.09958877636896
1330.0,0.0092857142857142,0.0121428571428571,500000.0,0.000127,1.0,30.0,296.42857142857144,0.0035020210691107,3575.000612376676,265.6087782946687,0.0,0.0006010013036034,0.4618110077543941,0.2020586110681022,63.5,1.3079022015310749e-08,1.7095891157754047e-09,641.2519526899987,2.115594615438644,0.0002576711846751,0.00148,6.65847e-07,0.0154111111111111,0.01157,6.76e-06,0.0805555555555555,0.023,9e-06,0.0031111111111111,0.03605,0.0990777777777777,1.0,1049841.0383749004,1.9e-06,0.12776,3.475954252643137,0.028360221184413077,0.0959423966862919,0.22254132531402343,175.54684371316156
1424.0,0.0092857142857142,0.0157142857142857,500000.0,0.000127,1.0,30.0,228.57142857142856,0.0059598775559536,3575.000612376676,220.5130739903045,0.0,0.0004561725317154,0.5178928224528582,0.3438713124012565,63.5,2.169683593810044e-08,2.081907241934832e-09,353.2143701989677,1.6912876341444911,0.0003411094285466,0.00148,6.65847e-07,0.0154111111111111,0.01157,6.76e-06,0.0805555555555555,0.023,9e-06,0.0031111111111111,0.03605,0.0990777777777777,1.0,1324401.3966461618,1.9e-06,0.12776,3.4295594430457643,0.034232981892941244,0.010211510051601591,0.2567908395203628,17.861016500165867
1823.0,0.0114285714285714,0.0121428571428571,500000.0,0.000127,1.0,30.0,228.57142857142856,0.001660694767507,2360.058998014289,200.9233002565048,0.0,0.000905182153562,0.2856254875555454,0.1179302057986509,63.5,7.719669551821086e-09,1.0546976211169823e-09,956.2706644257418,8.028879464938111,0.0001200993292454,0.00148,6.65847e-07,0.0154111111111111,0.01157,6.76e-06,0.0805555555555555,0.023,9e-06,0.0031111111111111,0.03605,0.0990777777777777,1.0,819588.035561131,1.9e-06,0.12776,3.268166513224822,0.05466246668040227,0.0038852817568943987,0.35555079851113036,5.892727487397194
1824.0,0.0114285714285714,0.0121428571428571,500000.0,0.000127,1.0,30.0,296.42857142857144,0.0036704729295119,2360.058998014289,265.6087782946687,0.0,0.0011665902475735,1.04405516978981,0.2606497210836037,63.5,1.7323100913975514e-08,2.7286735087491953e-09,597.8188474936477,3.333805391394929,0.0003473402523568,0.00148,6.65847e-07,0.0154111111111111,0.01157,6.76e-06,0.0805555555555555,0.023,9e-06,0.0031111111111111,0.03605,0.0990777777777777,1.0,1283251.7445440185,1.9e-06,0.12776,3.4222069065155556,0.035163682719549956,0.6195954487062062,0.26194353509920254,1076.224702700569
1864.0,0.0114285714285714,0.0157142857142857,500000.0,0.000127,1.0,30.0,228.57142857142856,0.0052534484364375,2360.058998014289,200.9233002565048,0.0,0.0008009189103976,0.5855951774858841,0.3730608823388388,63.5,2.371570374575024e-08,3.428512353081012e-09,416.0919341222535,2.1809064346180844,0.0003547977194325,0.00148,6.65847e-07,0.0154111111111111,0.01157,6.76e-06,0.0805555555555555,0.023,9e-06,0.0031111111111111,0.03605,0.0990777777777777,1.0,1223574.2221986973,1.9e-06,0.12776,3.4108533652514894,0.03660083984158366,0.04872429514704518,0.26976129683356026,83.73664587445367
2141.0,0.0135714285714285,0.0121428571428571,500000.0,0.000127,1.0,30.0,228.57142857142856,0.0019848480751697,1673.6152451292471,200.9233002565048,0.0,0.0018759490663768,0.7729415546443719,0.167377134284014,63.5,1.135271799489634e-08,1.7849600489486551e-09,790.79981755115,8.455276712735326,0.0001761370972654,0.00148,6.65847e-07,0.0154111111111111,0.01157,6.76e-06,0.0805555555555555,0.023,9e-06,0.0031111111111111,0.03605,0.0990777777777777,1.0,940434.4122396362,1.9e-06,0.12776,3.3147918323517485,0.04876052755041161,0.4417544203603577,0.32982336642839016,696.7473636181567
2142.0,0.0135714285714285,0.0121428571428571,500000.0,0.000127,1.0,30.0,296.42857142857144,0.0019848480751697,1673.6152451292471,200.9233002565048,0.0,0.0014509983166858,0.4200087192080555,0.167377134284014,63.5,1.135271799489634e-08,1.7849600489486551e-09,790.79981755115,8.455276712735326,0.0001761370972654,0.00148,6.65847e-07,0.0154111111111111,0.01157,6.76e-06,0.0805555555555555,0.023,9e-06,0.0031111111111111,0.03605,0.0990777777777777,1.0,940434.4122396362,1.9e-06,0.12776,3.3147918323517485,0.04876052755041161,0.08882158492404138,0.32982336642839016,140.09187520461901
2783.0,0.02,0.0192857142857142,250000.0,0.000127,1.0,30.0,25.0,0.0013836630129834,1541.263019111373,79.24828983539177,0.0,0.0028337250402915,0.605288161782709,0.1719505699494735,31.75,1.1675077116850632e-08,1.686326556082435e-09,853.5584935082982,45.73959145401628,3.769433081181567e-05,0.00148,6.65847e-07,0.0154111111111111,0.01157,6.76e-06,0.0805555555555555,0.023,9e-06,0.0031111111111111,0.03605,0.0990777777777777,1.0,1224267.549089017,1.9e-06,0.12776,3.647242424331561,0.0066781741352454965,0.2695275918332355,0.06314702874347747,594.2645421191481
