X,CH1,CH2,CH3,Start,Increment,
Sequence,Volt,Volt,Volt,-3.000000e-02,5.000000e-05
0,1.18e+02,1.76e+00,1.92e+00,
1,1.24e+02,2.56e+00,2.32e+00,
2,1.20e+02,1.84e+00,1.92e+00,
3,1.24e+02,2.56e+00,2.32e+00,
4,1.22e+02,1.84e+00,1.92e+00,
5,1.28e+02,2.56e+00,2.48e+00,
6,1.22e+02,1.84e+00,2.00e+00,
7,1.28e+02,2.56e+00,2.48e+00,
8,1.22e+02,1.92e+00,2.00e+00,
9,1.30e+02,2.56e+00,2.40e+00,
10,1.26e+02,1.92e+00,2.00e+00,
11,1.30e+02,2.64e+00,2.40e+00,
12,1.26e+02,1.92e+00,2.00e+00,
13,1.32e+02,2.56e+00,2.48e+00,
14,1.26e+02,1.92e+00,2.40e+00,
15,1.32e+02,2.56e+00,2.00e+00,
16,1.32e+02,2.08e+00,2.00e+00,
17,1.26e+02,2.32e+00,2.32e+00,
18,1.30e+02,2.08e+00,2.32e+00,
19,1.26e+02,2.40e+00,2.16e+00,
20,1.26e+02,2.00e+00,2.48e+00,
21,1.32e+02,2.56e+00,1.92e+00,
22,1.32e+02,2.08e+00,2.40e+00,
23,1.26e+02,2.48e+00,2.00e+00,
24,1.30e+02,2.32e+00,2.32e+00,
25,1.26e+02,2.08e+00,2.16e+00,
26,1.30e+02,2.48e+00,2.00e+00,
27,1.22e+02,1.84e+00,2.56e+00,
28,1.28e+02,1.84e+00,1.92e+00,
29,1.16e+02,2.40e+00,2.48e+00,
30,1.22e+02,2.24e+00,2.32e+00,
31,1.10e+02,1.68e+00,1.76e+00,
32,1.14e+02,2.16e+00,2.24e+00,
33,1.04e+02,1.52e+00,1.60e+00,
34,1.08e+02,2.00e+00,2.08e+00,
35,9.60e+01,1.28e+00,1.52e+00,
36,1.00e+02,1.84e+00,1.92e+00,
37,8.80e+01,1.12e+00,1.36e+00,
38,9.00e+01,1.68e+00,1.76e+00,
39,7.60e+01,1.04e+00,1.12e+00,
40,8.00e+01,1.60e+00,1.52e+00,
41,6.60e+01,8.80e-01,1.04e+00,
42,7.00e+01,1.36e+00,1.36e+00,
43,5.60e+01,6.40e-01,7.20e-01,
44,6.00e+01,1.20e+00,1.20e+00,
45,4.60e+01,4.80e-01,6.40e-01,
46,5.00e+01,1.04e+00,9.60e-01,
47,3.60e+01,3.20e-01,4.80e-01,
48,4.00e+01,8.00e-01,8.00e-01,
49,3.00e+01,1.60e-01,3.20e-01,
50,3.40e+01,6.40e-01,6.40e-01,
51,2.00e+01,8.00e-02,1.60e-01,
52,2.40e+01,5.60e-01,4.80e-01,
53,1.40e+01,0.00e+00,8.00e-02,
54,1.80e+01,4.00e-01,4.00e-01,
55,1.00e+01,-8.00e-02,-8.00e-02,
56,1.20e+01,2.40e-01,-8.00e-02,
57,4.00e+00,-1.60e-01,3.20e-01,
58,8.00e+00,-1.60e-01,-1.60e-01,
59,2.00e+00,2.40e-01,2.40e-01,
60,6.00e+00,-8.00e-02,2.40e-01,
61,2.00e+00,2.40e-01,-1.60e-01,
62,6.00e+00,0.00e+00,-1.60e-01,
63,4.00e+00,2.40e-01,2.40e-01,
64,6.00e+00,0.00e+00,-1.60e-01,
65,4.00e+00,2.40e-01,8.00e-02,
66,4.00e+00,2.40e-01,8.00e-02,
67,8.00e+00,0.00e+00,-1.60e-01,
68,4.00e+00,2.40e-01,-1.60e-01,
69,8.00e+00,0.00e+00,1.60e-01,
70,8.00e+00,0.00e+00,-1.60e-01,
71,4.00e+00,2.40e-01,2.40e-01,
72,8.00e+00,2.40e-01,-1.60e-01,
73,4.00e+00,0.00e+00,2.40e-01,
74,4.00e+00,0.00e+00,-1.60e-01,
75,8.00e+00,2.40e-01,2.40e-01,
76,4.00e+00,-8.00e-02,3.20e-01,
77,1.00e+01,4.00e-01,-1.60e-01,
78,6.00e+00,2.40e-01,-8.00e-02,
79,1.20e+01,0.00e+00,2.40e-01,
80,6.00e+00,0.00e+00,-8.00e-02,
81,1.20e+01,4.00e-01,3.20e-01,
82,1.00e+01,0.00e+00,-8.00e-02,
83,1.40e+01,4.00e-01,3.20e-01,
84,1.20e+01,4.00e-01,-8.00e-02,
85,1.60e+01,0.00e+00,4.00e-01,
86,1.60e+01,0.00e+00,4.00e-01,
87,1.20e+01,4.80e-01,0.00e+00,
88,1.40e+01,8.00e-02,8.00e-02,
89,1.80e+01,4.80e-01,4.80e-01,
90,1.60e+01,8.00e-02,4.80e-01,
91,2.40e+01,6.40e-01,1.60e-01,
92,2.00e+01,5.60e-01,1.60e-01,
93,2.40e+01,8.00e-02,5.60e-01,
94,2.20e+01,1.60e-01,2.40e-01,
95,2.60e+01,6.40e-01,6.40e-01,
96,2.40e+01,1.60e-01,2.40e-01,
97,2.80e+01,7.20e-01,7.20e-01,
98,2.60e+01,2.40e-01,3.20e-01,
99,3.40e+01,8.00e-01,8.00e-01,
100,3.00e+01,8.00e-01,4.00e-01,
101,3.60e+01,2.40e-01,8.00e-01,
102,3.20e+01,4.00e-01,4.00e-01,
103,3.80e+01,8.80e-01,8.00e-01,
104,3.40e+01,4.00e-01,8.80e-01,
105,4.00e+01,9.60e-01,4.80e-01,
106,3.80e+01,9.60e-01,5.60e-01,
107,4.40e+01,4.80e-01,9.60e-01,
108,4.20e+01,1.12e+00,9.60e-01,
109,4.80e+01,5.60e-01,6.40e-01,
110,4.40e+01,5.60e-01,6.40e-01,
111,5.00e+01,1.12e+00,1.04e+00,
112,4.60e+01,1.20e+00,7.20e-01,
113,5.40e+01,6.40e-01,1.20e+00,
114,5.20e+01,7.20e-01,8.00e-01,
115,5.80e+01,1.28e+00,1.20e+00,
116,5.40e+01,1.28e+00,8.00e-01,
117,6.00e+01,8.00e-01,1.28e+00,
118,5.60e+01,8.80e-01,8.00e-01,
119,6.40e+01,1.44e+00,1.36e+00,
120,6.20e+01,7.20e-01,1.36e+00,
121,6.80e+01,1.52e+00,8.80e-01,
122,6.40e+01,8.00e-01,9.60e-01,
123,7.00e+01,1.52e+00,1.52e+00,
124,6.60e+01,8.80e-01,1.04e+00,
125,7.20e+01,1.60e+00,1.44e+00,
126,7.20e+01,9.60e-01,1.12e+00,
127,7.80e+01,1.68e+00,1.60e+00,
128,7.40e+01,9.60e-01,1.12e+00,
129,8.00e+01,1.76e+00,1.68e+00,
130,7.60e+01,1.04e+00,1.12e+00,
131,8.40e+01,1.76e+00,1.68e+00,
132,8.00e+01,1.12e+00,1.20e+00,
133,8.80e+01,1.84e+00,1.84e+00,
134,8.40e+01,1.12e+00,1.28e+00,
135,9.00e+01,2.00e+00,1.84e+00,
136,8.60e+01,1.20e+00,1.28e+00,
137,9.20e+01,2.00e+00,1.84e+00,
138,9.00e+01,1.28e+00,1.84e+00,
139,9.60e+01,2.00e+00,1.28e+00,
140,9.40e+01,2.08e+00,2.00e+00,
141,1.00e+02,1.28e+00,1.36e+00,
142,9.60e+01,1.36e+00,1.44e+00,
143,1.02e+02,2.16e+00,2.08e+00,
144,9.80e+01,1.44e+00,1.52e+00,
145,1.04e+02,2.16e+00,2.08e+00,
146,1.00e+02,2.24e+00,1.52e+00,
147,1.08e+02,1.44e+00,2.16e+00,
148,1.06e+02,1.52e+00,1.52e+00,
149,1.10e+02,2.24e+00,2.16e+00,
150,1.08e+02,1.52e+00,2.16e+00,
151,1.12e+02,2.32e+00,1.60e+00,
152,1.10e+02,1.60e+00,1.60e+00,
153,1.14e+02,2.40e+00,2.24e+00,
154,1.12e+02,1.60e+00,1.60e+00,
155,1.18e+02,2.40e+00,2.24e+00,
156,1.16e+02,2.48e+00,2.24e+00,
157,1.20e+02,1.68e+00,1.68e+00,
158,1.16e+02,1.68e+00,1.68e+00,
159,1.22e+02,2.56e+00,2.32e+00,
160,1.18e+02,1.68e+00,2.32e+00,
161,1.22e+02,2.56e+00,1.68e+00,
162,1.20e+02,1.84e+00,2.32e+00,
163,1.24e+02,2.56e+00,1.68e+00,
164,1.20e+02,1.84e+00,2.32e+00,
165,1.28e+02,2.64e+00,1.76e+00,
166,1.22e+02,2.00e+00,1.76e+00,
167,1.28e+02,2.64e+00,2.48e+00,
168,1.24e+02,2.08e+00,1.84e+00,
169,1.30e+02,2.64e+00,2.40e+00,
170,1.26e+02,2.00e+00,1.76e+00,
171,1.30e+02,2.64e+00,2.48e+00,
172,1.26e+02,2.08e+00,2.48e+00,
173,1.32e+02,2.72e+00,1.92e+00,
174,1.26e+02,1.92e+00,2.48e+00,
175,1.32e+02,2.72e+00,1.92e+00,
176,1.32e+02,2.32e+00,2.32e+00,
177,1.26e+02,2.08e+00,2.16e+00,
178,1.30e+02,2.08e+00,2.32e+00,
179,1.26e+02,2.32e+00,2.16e+00,
180,1.26e+02,1.92e+00,2.00e+00,
181,1.32e+02,2.64e+00,2.56e+00,
182,1.32e+02,1.92e+00,2.00e+00,
183,1.26e+02,2.32e+00,2.32e+00,
184,1.30e+02,2.32e+00,2.32e+00,
185,1.26e+02,2.08e+00,2.16e+00,
186,1.30e+02,2.56e+00,2.08e+00,
187,1.24e+02,1.84e+00,2.40e+00,
188,1.26e+02,2.48e+00,2.32e+00,
189,1.18e+02,1.68e+00,2.00e+00,
190,1.22e+02,2.32e+00,2.24e+00,
191,1.12e+02,1.60e+00,1.84e+00,
192,1.14e+02,2.24e+00,2.16e+00,
193,1.02e+02,1.52e+00,1.60e+00,
194,1.10e+02,2.08e+00,2.00e+00,
195,9.60e+01,1.36e+00,1.52e+00,
196,1.00e+02,2.00e+00,1.84e+00,
197,8.60e+01,1.20e+00,1.36e+00,
198,9.00e+01,1.76e+00,1.68e+00,
199,7.60e+01,1.04e+00,1.20e+00,
200,8.00e+01,1.60e+00,1.52e+00,
201,6.60e+01,8.80e-01,1.04e+00,
202,7.00e+01,1.52e+00,1.36e+00,
203,5.60e+01,7.20e-01,7.20e-01,
204,6.00e+01,1.28e+00,1.20e+00,
205,4.60e+01,4.80e-01,5.60e-01,
206,5.00e+01,1.04e+00,9.60e-01,
207,3.60e+01,4.00e-01,5.60e-01,
208,4.00e+01,8.80e-01,8.00e-01,
209,2.60e+01,2.40e-01,3.20e-01,
210,3.20e+01,7.20e-01,7.20e-01,
211,2.00e+01,1.60e-01,2.40e-01,
212,2.40e+01,5.60e-01,4.80e-01,
213,1.40e+01,8.00e-02,8.00e-02,
214,1.80e+01,4.80e-01,4.00e-01,
215,8.00e+00,0.00e+00,0.00e+00,
216,1.20e+01,3.20e-01,2.40e-01,
217,4.00e+00,-1.60e-01,-8.00e-02,
218,8.00e+00,2.40e-01,-1.60e-01,
219,2.00e+00,-1.60e-01,1.60e-01,
220,2.00e+00,0.00e+00,-8.00e-02,
221,6.00e+00,2.40e-01,8.00e-02,
222,6.00e+00,0.00e+00,8.00e-02,
223,4.00e+00,2.40e-01,-8.00e-02,
224,6.00e+00,2.40e-01,8.00e-02,
225,4.00e+00,0.00e+00,-8.00e-02,
226,6.00e+00,0.00e+00,-8.00e-02,
227,4.00e+00,2.40e-01,8.00e-02,
228,4.00e+00,2.40e-01,-8.00e-02,
229,8.00e+00,0.00e+00,1.60e-01,
230,4.00e+00,0.00e+00,-8.00e-02,
231,8.00e+00,2.40e-01,2.40e-01,
232,8.00e+00,0.00e+00,2.40e-01,
233,4.00e+00,2.40e-01,-8.00e-02,
234,8.00e+00,2.40e-01,2.40e-01,
235,4.00e+00,0.00e+00,-8.00e-02,
236,8.00e+00,-8.00e-02,4.00e-01,
237,4.00e+00,3.20e-01,-2.40e-01,
238,6.00e+00,-8.00e-02,4.00e-01,
239,1.20e+01,3.20e-01,-2.40e-01,
240,6.00e+00,0.00e+00,-2.40e-01,
241,1.20e+01,4.00e-01,4.00e-01,
242,1.00e+01,0.00e+00,4.00e-01,
243,1.40e+01,4.00e-01,-2.40e-01,
244,1.00e+01,0.00e+00,4.80e-01,
245,1.60e+01,4.00e-01,-1.60e-01,
246,1.20e+01,8.00e-02,4.80e-01,
247,1.80e+01,4.00e-01,-8.00e-02,
248,1.40e+01,5.60e-01,4.80e-01,
249,2.00e+01,8.00e-02,-8.00e-02,
250,1.60e+01,1.60e-01,8.00e-02,
251,2.40e+01,5.60e-01,5.60e-01,
252,2.00e+01,1.60e-01,5.60e-01,
253,2.40e+01,6.40e-01,8.00e-02,
254,2.20e+01,2.40e-01,1.60e-01,
255,2.60e+01,6.40e-01,6.40e-01,
256,2.40e+01,2.40e-01,7.20e-01,
257,3.00e+01,7.20e-01,2.40e-01,
258,2.60e+01,3.20e-01,2.40e-01,
259,3.40e+01,7.20e-01,7.20e-01,
260,3.00e+01,8.00e-01,8.00e-01,
261,3.60e+01,3.20e-01,3.20e-01,
262,3.20e+01,4.00e-01,8.00e-01,
263,3.80e+01,8.00e-01,3.20e-01,
264,3.40e+01,4.80e-01,8.80e-01,
265,4.00e+01,8.80e-01,4.00e-01,
266,3.80e+01,4.80e-01,8.80e-01,
267,4.40e+01,9.60e-01,4.80e-01,
268,4.20e+01,5.60e-01,9.60e-01,
269,4.80e+01,9.60e-01,4.80e-01,
270,4.40e+01,5.60e-01,6.40e-01,
271,5.00e+01,1.04e+00,9.60e-01,
272,4.80e+01,6.40e-01,6.40e-01,
273,5.40e+01,1.20e+00,1.12e+00,
274,5.20e+01,7.20e-01,7.20e-01,
275,5.80e+01,1.20e+00,1.12e+00,
276,5.40e+01,7.20e-01,8.00e-01,
277,6.00e+01,1.20e+00,1.20e+00,
278,5.60e+01,7.20e-01,8.00e-01,
279,6.40e+01,1.28e+00,1.28e+00,
280,6.20e+01,1.28e+00,8.80e-01,
281,6.80e+01,8.00e-01,1.36e+00,
282,6.40e+01,9.60e-01,1.04e+00,
283,7.00e+01,1.52e+00,1.36e+00,
284,6.60e+01,9.60e-01,1.04e+00,
285,7.20e+01,1.52e+00,1.44e+00,
286,7.20e+01,1.04e+00,1.04e+00,
287,7.80e+01,1.60e+00,1.60e+00,
288,7.40e+01,1.12e+00,1.20e+00,
289,8.00e+01,1.60e+00,1.60e+00,
290,7.80e+01,1.12e+00,1.20e+00,
291,8.20e+01,1.68e+00,1.68e+00,
292,8.00e+01,1.76e+00,1.68e+00,
293,8.80e+01,1.20e+00,1.28e+00,
294,8.40e+01,1.20e+00,1.76e+00,
295,9.00e+01,1.76e+00,1.28e+00,
296,8.60e+01,1.84e+00,1.44e+00,
297,9.20e+01,1.36e+00,1.84e+00,
298,9.00e+01,2.00e+00,1.84e+00,
299,9.80e+01,1.28e+00,1.44e+00,
300,9.40e+01,1.36e+00,1.36e+00,
301,1.00e+02,2.00e+00,1.92e+00,
302,9.60e+01,1.44e+00,1.52e+00,
303,1.02e+02,2.08e+00,2.00e+00,
304,9.80e+01,1.44e+00,1.60e+00,
305,1.04e+02,2.16e+00,2.08e+00,
306,1.02e+02,2.16e+00,1.60e+00,
307,1.08e+02,1.52e+00,2.16e+00,
308,1.06e+02,1.52e+00,1.68e+00,
309,1.10e+02,2.16e+00,2.16e+00,
310,1.08e+02,1.52e+00,1.68e+00,
311,1.12e+02,2.24e+00,2.24e+00,
312,1.10e+02,2.24e+00,1.76e+00,
313,1.14e+02,1.60e+00,2.24e+00,
314,1.12e+02,1.60e+00,1.76e+00,
315,1.18e+02,2.40e+00,2.24e+00,
316,1.16e+02,2.40e+00,2.24e+00,
317,1.20e+02,1.68e+00,1.92e+00,
318,1.16e+02,2.48e+00,1.92e+00,
319,1.22e+02,1.68e+00,2.48e+00,
320,1.18e+02,1.68e+00,1.92e+00,
321,1.24e+02,2.48e+00,2.40e+00,
322,1.20e+02,1.76e+00,1.92e+00,
323,1.24e+02,2.56e+00,2.40e+00,
324,1.22e+02,1.84e+00,1.92e+00,
325,1.28e+02,2.56e+00,2.40e+00,
326,1.22e+02,1.84e+00,2.56e+00,
327,1.28e+02,2.64e+00,1.92e+00,
328,1.24e+02,1.84e+00,2.48e+00,
329,1.30e+02,2.64e+00,1.92e+00,
330,1.26e+02,1.84e+00,2.48e+00,
331,1.30e+02,2.64e+00,1.92e+00,
332,1.26e+02,1.84e+00,2.56e+00,
333,1.32e+02,2.64e+00,1.92e+00,
334,1.26e+02,1.92e+00,1.92e+00,
335,1.32e+02,2.64e+00,2.48e+00,
336,1.32e+02,2.32e+00,2.32e+00,
337,1.26e+02,2.08e+00,2.16e+00,
338,1.30e+02,2.08e+00,2.32e+00,
339,1.26e+02,2.32e+00,2.16e+00,
340,1.26e+02,1.84e+00,1.92e+00,
341,1.32e+02,2.72e+00,2.48e+00,
342,1.30e+02,2.08e+00,2.32e+00,
343,1.26e+02,2.40e+00,2.16e+00,
344,1.30e+02,2.32e+00,2.32e+00,
345,1.26e+02,2.08e+00,2.08e+00,
346,1.30e+02,2.48e+00,2.32e+00,
347,1.22e+02,1.92e+00,1.84e+00,
348,1.28e+02,2.32e+00,2.32e+00,
349,1.18e+02,1.76e+00,1.76e+00,
350,1.22e+02,2.24e+00,1.68e+00,
351,1.10e+02,1.60e+00,2.16e+00,
352,1.14e+02,2.24e+00,2.08e+00,
353,1.04e+02,1.52e+00,1.52e+00,
354,1.08e+02,2.00e+00,1.92e+00,
355,9.60e+01,1.36e+00,1.28e+00,
356,1.00e+02,1.84e+00,1.76e+00,
357,8.60e+01,1.20e+00,1.20e+00,
358,9.00e+01,1.76e+00,1.68e+00,
359,7.60e+01,1.04e+00,1.04e+00,
360,8.00e+01,1.52e+00,1.44e+00,
361,6.60e+01,8.80e-01,8.80e-01,
362,7.00e+01,1.36e+00,1.28e+00,
363,5.60e+01,7.20e-01,7.20e-01,
364,6.00e+01,1.20e+00,1.12e+00,
365,4.60e+01,4.80e-01,5.60e-01,
366,5.00e+01,1.04e+00,8.80e-01,
367,3.60e+01,3.20e-01,4.80e-01,
368,4.00e+01,8.80e-01,8.00e-01,
369,2.80e+01,1.60e-01,3.20e-01,
370,3.40e+01,7.20e-01,5.60e-01,
371,2.00e+01,8.00e-02,2.40e-01,
372,2.40e+01,5.60e-01,4.80e-01,
373,1.40e+01,0.00e+00,8.00e-02,
374,1.80e+01,4.00e-01,3.20e-01,
375,1.00e+01,0.00e+00,-8.00e-02,
376,1.20e+01,3.20e-01,3.20e-01,
377,4.00e+00,-1.60e-01,-8.00e-02,
378,8.00e+00,2.40e-01,2.40e-01,
379,2.00e+00,-1.60e-01,-1.60e-01,
380,2.00e+00,1.60e-01,-8.00e-02,
381,6.00e+00,0.00e+00,8.00e-02,
382,6.00e+00,0.00e+00,8.00e-02,
383,4.00e+00,2.40e-01,-8.00e-02,
384,6.00e+00,0.00e+00,-8.00e-02,
385,4.00e+00,2.40e-01,8.00e-02,
386,6.00e+00,0.00e+00,8.00e-02,
387,4.00e+00,2.40e-01,-8.00e-02,
388,4.00e+00,2.40e-01,-8.00e-02,
389,8.00e+00,0.00e+00,8.00e-02,
390,4.00e+00,0.00e+00,8.00e-02,
391,8.00e+00,2.40e-01,-8.00e-02,
392,8.00e+00,0.00e+00,8.00e-02,
393,4.00e+00,2.40e-01,-8.00e-02,
394,8.00e+00,2.40e-01,-8.00e-02,
395,4.00e+00,0.00e+00,1.60e-01,
396,8.00e+00,-1.60e-01,3.20e-01,
397,4.00e+00,4.00e-01,-1.60e-01,
398,6.00e+00,4.00e-01,3.20e-01,
399,1.00e+01,-1.60e-01,-8.00e-02,
400,1.20e+01,4.00e-01,-1.60e-01,
401,6.00e+00,-1.60e-01,4.00e-01,
402,1.00e+01,0.00e+00,-1.60e-01,
403,1.40e+01,5.60e-01,4.00e-01,
404,1.20e+01,0.00e+00,4.00e-01,
405,1.60e+01,4.80e-01,-8.00e-02,
406,1.20e+01,5.60e-01,-8.00e-02,
407,1.80e+01,0.00e+00,4.80e-01,
408,1.40e+01,4.80e-01,-8.00e-02,
409,2.00e+01,8.00e-02,4.80e-01,
410,1.60e+01,8.00e-02,-8.00e-02,
411,2.40e+01,6.40e-01,5.60e-01,
412,2.00e+01,8.00e-02,0.00e+00,
413,2.40e+01,6.40e-01,6.40e-01,
414,2.20e+01,1.60e-01,0.00e+00,
415,2.60e+01,7.20e-01,7.20e-01,
416,2.40e+01,1.60e-01,8.00e-02,
417,3.00e+01,7.20e-01,8.00e-01,
418,2.60e+01,2.40e-01,1.60e-01,
419,3.40e+01,8.00e-01,8.00e-01,
420,3.00e+01,2.40e-01,1.60e-01,
421,3.60e+01,8.00e-01,8.80e-01,
422,3.20e+01,8.00e-01,8.80e-01,
423,3.80e+01,4.00e-01,2.40e-01,
424,3.40e+01,4.80e-01,2.40e-01,
425,4.00e+01,8.80e-01,9.60e-01,
426,3.80e+01,4.80e-01,3.20e-01,
427,4.40e+01,9.60e-01,1.04e+00,
428,4.20e+01,5.60e-01,3.20e-01,
429,4.80e+01,9.60e-01,1.04e+00,
430,4.40e+01,6.40e-01,4.00e-01,
431,5.00e+01,1.12e+00,1.20e+00,
432,4.60e+01,7.20e-01,1.20e+00,
433,5.40e+01,1.12e+00,5.60e-01,
434,5.20e+01,7.20e-01,1.28e+00,
435,5.80e+01,1.20e+00,5.60e-01,
436,5.40e+01,8.00e-01,1.36e+00,
437,6.00e+01,1.20e+00,7.20e-01,
438,5.60e+01,8.80e-01,7.20e-01,
439,6.40e+01,1.28e+00,1.36e+00,
440,6.20e+01,8.80e-01,8.00e-01,
441,6.80e+01,1.36e+00,1.44e+00,
442,6.40e+01,9.60e-01,1.52e+00,
443,7.00e+01,1.36e+00,8.80e-01,
444,6.60e+01,1.04e+00,1.44e+00,
445,7.20e+01,1.52e+00,8.80e-01,
446,7.20e+01,1.04e+00,1.04e+00,
447,7.80e+01,1.52e+00,1.60e+00,
448,7.40e+01,1.12e+00,1.12e+00,
449,8.00e+01,1.60e+00,1.60e+00,
450,7.80e+01,1.20e+00,1.68e+00,
451,8.60e+01,1.68e+00,1.12e+00,
452,8.00e+01,1.20e+00,1.20e+00,
453,8.80e+01,1.68e+00,1.76e+00,
454,8.40e+01,1.36e+00,1.28e+00,
455,9.00e+01,1.76e+00,1.76e+00,
456,8.80e+01,1.76e+00,1.84e+00,
457,9.20e+01,1.36e+00,1.36e+00,
458,9.00e+01,1.44e+00,1.44e+00,
459,9.80e+01,1.84e+00,1.84e+00,
460,9.40e+01,1.44e+00,1.92e+00,
461,1.00e+02,1.92e+00,1.36e+00,
462,9.60e+01,1.52e+00,1.60e+00,
463,1.02e+02,2.00e+00,1.92e+00,
464,9.80e+01,1.52e+00,1.60e+00,
465,1.04e+02,2.00e+00,2.00e+00,
466,1.08e+02,1.60e+00,1.60e+00,
467,1.02e+02,2.08e+00,2.08e+00,
468,1.06e+02,1.60e+00,1.60e+00,
469,1.10e+02,2.08e+00,2.08e+00,
470,1.08e+02,2.08e+00,1.68e+00,
471,1.12e+02,1.60e+00,2.16e+00,
472,1.10e+02,1.68e+00,1.76e+00,
473,1.14e+02,2.16e+00,2.16e+00,
474,1.12e+02,1.68e+00,1.76e+00,
475,1.18e+02,2.16e+00,2.24e+00,
476,1.16e+02,1.84e+00,1.92e+00,
477,1.20e+02,2.24e+00,2.24e+00,
478,1.16e+02,1.84e+00,1.92e+00,
479,1.22e+02,2.32e+00,2.24e+00,
480,1.18e+02,1.84e+00,1.92e+00,
481,1.24e+02,2.32e+00,2.32e+00,
482,1.20e+02,1.84e+00,2.00e+00,
483,1.24e+02,2.40e+00,2.32e+00,
484,1.22e+02,1.84e+00,2.32e+00,
485,1.28e+02,2.40e+00,2.00e+00,
486,1.22e+02,1.92e+00,2.00e+00,
487,1.28e+02,2.48e+00,2.40e+00,
488,1.28e+02,1.92e+00,2.08e+00,
489,1.22e+02,2.56e+00,2.48e+00,
490,1.26e+02,1.92e+00,2.48e+00,
491,1.30e+02,2.56e+00,2.00e+00,
492,1.26e+02,1.92e+00,2.48e+00,
493,1.32e+02,2.56e+00,2.00e+00,
494,1.26e+02,1.92e+00,2.08e+00,
495,1.32e+02,2.56e+00,2.48e+00,
496,1.32e+02,2.32e+00,2.32e+00,
497,1.26e+02,2.08e+00,2.08e+00,
498,1.30e+02,2.08e+00,2.32e+00,
499,1.26e+02,2.32e+00,2.08e+00,
500,1.26e+02,1.92e+00,2.08e+00,
501,1.32e+02,2.64e+00,2.56e+00,
502,1.30e+02,2.08e+00,2.40e+00,
503,1.26e+02,2.40e+00,2.00e+00,
504,1.30e+02,2.32e+00,2.32e+00,
505,1.26e+02,2.08e+00,2.00e+00,
506,1.30e+02,2.32e+00,2.32e+00,
507,1.20e+02,1.84e+00,1.84e+00,
508,1.24e+02,2.24e+00,2.24e+00,
509,1.16e+02,1.76e+00,1.84e+00,
510,1.22e+02,2.16e+00,2.16e+00,
511,1.10e+02,1.60e+00,1.68e+00,
512,1.14e+02,2.08e+00,2.08e+00,
513,1.04e+02,1.52e+00,1.52e+00,
514,1.08e+02,1.92e+00,1.92e+00,
515,9.60e+01,1.28e+00,1.44e+00,
516,1.00e+02,1.76e+00,1.76e+00,
517,8.60e+01,1.20e+00,1.20e+00,
518,9.00e+01,1.68e+00,1.60e+00,
519,7.60e+01,1.04e+00,1.04e+00,
520,8.00e+01,1.52e+00,1.36e+00,
521,6.60e+01,8.80e-01,8.00e-01,
522,7.00e+01,1.28e+00,1.28e+00,
523,5.60e+01,7.20e-01,7.20e-01,
524,6.00e+01,1.12e+00,9.60e-01,
525,4.60e+01,5.60e-01,4.00e-01,
526,5.00e+01,8.80e-01,8.80e-01,
527,3.60e+01,3.20e-01,3.20e-01,
528,4.00e+01,8.00e-01,7.20e-01,
529,2.80e+01,2.40e-01,2.40e-01,
530,3.20e+01,6.40e-01,5.60e-01,
531,2.00e+01,1.60e-01,0.00e+00,
532,2.40e+01,4.80e-01,4.00e-01,
533,1.40e+01,8.00e-02,-8.00e-02,
534,1.60e+01,0.00e+00,3.20e-01,
535,8.00e+00,4.00e-01,-8.00e-02,
536,1.20e+01,0.00e+00,-8.00e-02,
537,4.00e+00,3.20e-01,2.40e-01,
538,8.00e+00,0.00e+00,-8.00e-02,
539,2.00e+00,2.40e-01,1.60e-01,
540,2.00e+00,0.00e+00,8.00e-02,
541,6.00e+00,1.60e-01,-1.60e-01,
542,4.00e+00,0.00e+00,8.00e-02,
543,6.00e+00,2.40e-01,-1.60e-01,
544,6.00e+00,0.00e+00,-8.00e-02,
545,4.00e+00,2.40e-01,8.00e-02,
546,4.00e+00,0.00e+00,-8.00e-02,
547,8.00e+00,2.40e-01,8.00e-02,
548,8.00e+00,0.00e+00,-8.00e-02,
549,4.00e+00,2.40e-01,8.00e-02,
550,8.00e+00,0.00e+00,8.00e-02,
551,4.00e+00,2.40e-01,-8.00e-02,
552,8.00e+00,2.40e-01,-8.00e-02,
553,4.00e+00,0.00e+00,8.00e-02,
554,8.00e+00,2.40e-01,8.00e-02,
555,4.00e+00,0.00e+00,-8.00e-02,
556,4.00e+00,-1.60e-01,-2.40e-01,
557,1.00e+01,5.60e-01,3.20e-01,
558,6.00e+00,-8.00e-02,4.00e-01,
559,1.20e+01,5.60e-01,-1.60e-01,
560,1.20e+01,-1.60e-01,-1.60e-01,
561,6.00e+00,6.40e-01,4.00e-01,
562,1.00e+01,-8.00e-02,4.00e-01,
563,1.40e+01,6.40e-01,-1.60e-01,
564,1.20e+01,0.00e+00,4.80e-01,
565,1.60e+01,6.40e-01,-8.00e-02,
566,1.20e+01,0.00e+00,4.80e-01,
567,1.80e+01,7.20e-01,-8.00e-02,
568,1.40e+01,0.00e+00,-8.00e-02,
569,2.20e+01,7.20e-01,5.60e-01,
570,1.60e+01,8.00e-02,5.60e-01,
571,2.40e+01,7.20e-01,8.00e-02,
572,2.00e+01,8.00e-02,1.60e-01,
573,2.40e+01,8.00e-01,7.20e-01,
574,2.20e+01,8.00e-02,7.20e-01,
575,2.80e+01,8.00e-01,1.60e-01,
576,2.40e+01,8.00e-01,7.20e-01,
577,2.80e+01,1.60e-01,1.60e-01,
578,2.60e+01,1.60e-01,8.00e-01,
579,3.40e+01,8.80e-01,2.40e-01,
580,3.00e+01,2.40e-01,8.00e-01,
581,3.60e+01,8.80e-01,3.20e-01,
582,3.20e+01,3.20e-01,3.20e-01,
583,3.80e+01,1.04e+00,8.80e-01,
584,3.40e+01,9.60e-01,8.80e-01,
585,4.00e+01,3.20e-01,4.00e-01,
586,3.80e+01,4.80e-01,4.80e-01,
587,4.60e+01,1.12e+00,9.60e-01,
588,4.20e+01,1.12e+00,9.60e-01,
589,4.80e+01,4.80e-01,5.60e-01,
590,4.40e+01,1.12e+00,5.60e-01,
591,5.00e+01,5.60e-01,1.04e+00,
592,4.80e+01,5.60e-01,6.40e-01,
593,5.40e+01,1.20e+00,1.20e+00,
594,5.20e+01,1.20e+00,6.40e-01,
595,5.80e+01,6.40e-01,1.20e+00,
596,5.40e+01,7.20e-01,6.40e-01,
597,6.00e+01,1.28e+00,1.28e+00,
598,5.60e+01,7.20e-01,7.20e-01,
599,6.40e+01,1.36e+00,1.36e+00,
600,6.20e+01,1.36e+00,8.00e-01,
601,6.80e+01,8.00e-01,1.44e+00,
602,6.40e+01,8.80e-01,8.00e-01,
603,7.00e+01,1.44e+00,1.44e+00,
604,6.80e+01,9.60e-01,8.80e-01,
605,7.40e+01,1.52e+00,1.60e+00,
606,7.00e+01,1.04e+00,8.80e-01,
607,7.80e+01,1.60e+00,1.60e+00,
608,7.40e+01,1.60e+00,1.04e+00,
609,8.00e+01,1.04e+00,1.76e+00,
610,7.80e+01,1.12e+00,1.76e+00,
611,8.40e+01,1.68e+00,1.04e+00,
612,8.00e+01,1.20e+00,1.76e+00,
613,8.80e+01,1.68e+00,1.12e+00,
614,8.40e+01,1.76e+00,1.12e+00,
615,9.00e+01,1.20e+00,1.84e+00,
616,8.80e+01,1.28e+00,1.20e+00,
617,9.20e+01,1.84e+00,2.08e+00,
618,9.00e+01,1.84e+00,1.28e+00,
619,9.80e+01,1.36e+00,2.00e+00,
620,9.40e+01,1.44e+00,1.28e+00,
621,1.00e+02,1.92e+00,2.16e+00,
622,9.60e+01,1.52e+00,1.36e+00,
623,1.02e+02,2.00e+00,2.16e+00,
624,9.80e+01,1.52e+00,1.44e+00,
625,1.04e+02,2.08e+00,2.08e+00,
626,1.04e+02,1.60e+00,1.52e+00,
627,1.08e+02,2.08e+00,2.16e+00,
628,1.06e+02,1.60e+00,2.16e+00,
629,1.10e+02,2.08e+00,1.60e+00,
630,1.08e+02,1.68e+00,1.60e+00,
631,1.12e+02,2.16e+00,2.24e+00,
632,1.10e+02,2.16e+00,1.68e+00,
633,1.14e+02,1.76e+00,2.24e+00,
634,1.12e+02,1.76e+00,1.68e+00,
635,1.18e+02,2.24e+00,2.32e+00,
636,1.16e+02,1.84e+00,2.24e+00,
637,1.20e+02,2.24e+00,1.76e+00,
638,1.16e+02,1.84e+00,1.76e+00,
639,1.22e+02,2.24e+00,2.32e+00,
640,1.18e+02,1.92e+00,1.92e+00,
641,1.24e+02,2.32e+00,2.40e+00,
642,1.20e+02,2.32e+00,2.32e+00,
643,1.24e+02,1.92e+00,1.76e+00,
644,1.22e+02,2.32e+00,2.40e+00,
645,1.28e+02,1.92e+00,1.92e+00,
646,1.22e+02,1.92e+00,1.92e+00,
647,1.28e+02,2.48e+00,2.40e+00,
648,1.22e+02,2.00e+00,1.92e+00,
649,1.30e+02,2.48e+00,2.40e+00,
650,1.26e+02,2.00e+00,2.00e+00,
651,1.30e+02,2.48e+00,2.48e+00,
652,1.26e+02,2.00e+00,2.40e+00,
653,1.32e+02,2.40e+00,2.00e+00,
654,1.26e+02,2.00e+00,2.40e+00,
655,1.32e+02,2.40e+00,2.00e+00,
656,1.32e+02,2.32e+00,2.32e+00,
657,1.26e+02,2.08e+00,2.08e+00,
658,1.30e+02,2.08e+00,2.32e+00,
659,1.26e+02,2.32e+00,2.08e+00,
660,1.26e+02,2.00e+00,2.08e+00,
661,1.32e+02,2.48e+00,2.48e+00,
662,1.30e+02,2.32e+00,2.32e+00,
663,1.26e+02,2.08e+00,2.08e+00,
664,1.30e+02,2.40e+00,2.08e+00,
665,1.26e+02,2.08e+00,2.40e+00,
666,1.30e+02,2.32e+00,2.32e+00,
667,1.22e+02,1.84e+00,2.00e+00,
668,1.26e+02,2.24e+00,2.24e+00,
669,1.16e+02,1.68e+00,1.92e+00,
670,1.22e+02,2.16e+00,2.24e+00,
671,1.10e+02,1.60e+00,1.76e+00,
672,1.14e+02,2.08e+00,2.08e+00,
673,1.04e+02,1.44e+00,1.60e+00,
674,1.08e+02,1.84e+00,1.84e+00,
675,9.40e+01,1.36e+00,1.44e+00,
676,9.80e+01,1.76e+00,1.76e+00,
677,8.60e+01,1.20e+00,1.28e+00,
678,9.00e+01,1.68e+00,1.60e+00,
679,7.60e+01,1.04e+00,1.12e+00,
680,8.00e+01,1.44e+00,1.44e+00,
681,6.60e+01,8.80e-01,9.60e-01,
682,7.00e+01,1.20e+00,1.20e+00,
683,5.60e+01,6.40e-01,7.20e-01,
684,6.00e+01,1.12e+00,9.60e-01,
685,4.40e+01,4.80e-01,5.60e-01,
686,4.80e+01,8.80e-01,8.80e-01,
687,3.60e+01,3.20e-01,3.20e-01,
688,4.00e+01,8.00e-01,7.20e-01,
689,2.60e+01,1.60e-01,1.60e-01,
690,3.40e+01,6.40e-01,5.60e-01,
691,2.00e+01,8.00e-02,1.60e-01,
692,2.40e+01,4.80e-01,4.00e-01,
693,1.20e+01,0.00e+00,-8.00e-02,
694,1.60e+01,3.20e-01,3.20e-01,
695,8.00e+00,-8.00e-02,-1.60e-01,
696,1.20e+01,3.20e-01,2.40e-01,
697,4.00e+00,-8.00e-02,-1.60e-01,
698,8.00e+00,2.40e-01,-1.60e-01,
699,2.00e+00,-8.00e-02,1.60e-01,
700,6.00e+00,0.00e+00,8.00e-02,
701,2.00e+00,2.40e-01,-1.60e-01,
702,6.00e+00,0.00e+00,8.00e-02,
703,4.00e+00,2.40e-01,-2.40e-01,
704,4.00e+00,2.40e-01,8.00e-02,
705,6.00e+00,0.00e+00,-1.60e-01,
706,4.00e+00,2.40e-01,8.00e-02,
707,8.00e+00,0.00e+00,-1.60e-01,
708,4.00e+00,2.40e-01,1.60e-01,
709,8.00e+00,0.00e+00,-1.60e-01,
710,8.00e+00,2.40e-01,8.00e-02,
711,4.00e+00,0.00e+00,-8.00e-02,
712,8.00e+00,2.40e-01,-8.00e-02,
713,4.00e+00,0.00e+00,1.60e-01,
714,8.00e+00,0.00e+00,-8.00e-02,
715,4.00e+00,2.40e-01,2.40e-01,
716,4.00e+00,8.00e-02,-2.40e-01,
717,1.20e+01,5.60e-01,3.20e-01,
718,6.00e+00,-1.60e-01,-2.40e-01,
719,1.20e+01,4.80e-01,3.20e-01,
720,1.20e+01,6.40e-01,-2.40e-01,
721,6.00e+00,-2.40e-01,4.00e-01,
722,1.00e+01,-1.60e-01,4.00e-01,
723,1.40e+01,7.20e-01,-1.60e-01,
724,1.20e+01,-8.00e-02,-1.60e-01,
725,1.60e+01,7.20e-01,4.00e-01,
726,1.20e+01,-8.00e-02,-1.60e-01,
727,1.80e+01,7.20e-01,4.80e-01,
728,1.40e+01,0.00e+00,4.80e-01,
729,2.00e+01,7.20e-01,-8.00e-02,
730,1.60e+01,0.00e+00,-8.00e-02,
731,2.20e+01,8.00e-01,5.60e-01,
732,2.00e+01,8.00e-02,5.60e-01,
733,2.40e+01,8.00e-01,0.00e+00,
734,2.20e+01,8.00e-02,7.20e-01,
735,2.60e+01,8.80e-01,0.00e+00,
736,2.40e+01,8.80e-01,8.00e-02,
737,3.00e+01,1.60e-01,7.20e-01,
738,2.60e+01,1.60e-01,1.60e-01,
739,3.20e+01,9.60e-01,8.00e-01,
740,3.00e+01,1.04e+00,2.40e-01,
741,3.60e+01,2.40e-01,8.00e-01,
742,3.20e+01,1.04e+00,2.40e-01,
743,3.80e+01,3.20e-01,8.80e-01,
744,3.40e+01,4.00e-01,3.20e-01,
745,4.00e+01,1.12e+00,9.60e-01,
746,3.80e+01,4.80e-01,3.20e-01,
747,4.40e+01,1.20e+00,9.60e-01,
748,4.20e+01,4.80e-01,4.00e-01,
749,4.80e+01,1.20e+00,1.12e+00,
750,4.40e+01,5.60e-01,5.60e-01,
751,5.00e+01,1.28e+00,1.20e+00,
752,4.80e+01,5.60e-01,6.40e-01,
753,5.40e+01,1.36e+00,1.20e+00,
754,5.20e+01,6.40e-01,6.40e-01,
755,5.80e+01,1.36e+00,1.28e+00,
756,5.40e+01,1.52e+00,1.28e+00,
757,6.00e+01,6.40e-01,7.20e-01,
758,5.60e+01,1.52e+00,7.20e-01,
759,6.40e+01,7.20e-01,1.44e+00,
760,6.20e+01,8.00e-01,8.80e-01,
761,6.80e+01,1.60e+00,1.44e+00,
762,6.40e+01,8.00e-01,9.60e-01,
763,7.00e+01,1.60e+00,1.52e+00,
764,6.80e+01,9.60e-01,1.04e+00,
765,7.40e+01,1.68e+00,1.60e+00,
766,7.00e+01,9.60e-01,1.60e+00,
767,7.80e+01,1.68e+00,1.12e+00,
768,7.40e+01,1.04e+00,1.68e+00,
769,8.00e+01,1.76e+00,1.12e+00,
770,7.80e+01,1.12e+00,1.68e+00,
771,8.40e+01,1.76e+00,1.20e+00,
772,8.00e+01,1.12e+00,1.20e+00,
773,8.80e+01,1.76e+00,1.76e+00,
774,8.40e+01,1.20e+00,1.28e+00,
775,9.00e+01,1.84e+00,1.76e+00,
776,8.80e+01,1.84e+00,1.28e+00,
777,9.40e+01,1.20e+00,1.84e+00,
778,9.00e+01,1.36e+00,1.84e+00,
779,9.80e+01,2.00e+00,1.44e+00,
780,9.40e+01,1.36e+00,1.44e+00,
781,1.00e+02,2.00e+00,2.00e+00,
782,9.60e+01,1.44e+00,1.52e+00,
783,1.02e+02,2.08e+00,2.00e+00,
784,9.80e+01,1.44e+00,1.52e+00,
785,1.04e+02,2.08e+00,2.08e+00,
786,1.02e+02,1.52e+00,1.52e+00,
787,1.08e+02,2.16e+00,2.08e+00,
788,1.06e+02,1.52e+00,1.92e+00,
789,1.10e+02,2.16e+00,1.52e+00,
790,1.08e+02,2.16e+00,1.60e+00,
791,1.12e+02,1.60e+00,2.16e+00,
792,1.10e+02,1.60e+00,1.60e+00,
793,1.14e+02,2.24e+00,2.24e+00,
794,1.12e+02,1.68e+00,2.24e+00,
795,1.18e+02,2.24e+00,1.60e+00,
796,1.16e+02,1.76e+00,1.60e+00,
797,1.20e+02,2.24e+00,2.32e+00,
798,1.16e+02,1.84e+00,2.32e+00,
799,1.22e+02,2.32e+00,1.68e+00,
800,1.18e+02,1.84e+00,1.68e+00,
801,1.24e+02,2.32e+00,2.40e+00,
802,1.20e+02,2.32e+00,2.56e+00,
803,1.24e+02,1.84e+00,1.76e+00,
804,1.22e+02,1.92e+00,1.76e+00,
805,1.28e+02,2.40e+00,2.64e+00,
806,1.22e+02,1.92e+00,1.76e+00,
807,1.28e+02,2.48e+00,2.64e+00,
808,1.22e+02,2.00e+00,2.56e+00,
809,1.30e+02,2.48e+00,1.84e+00,
810,1.30e+02,2.48e+00,2.56e+00,
811,1.26e+02,2.00e+00,1.84e+00,
812,1.26e+02,2.00e+00,1.92e+00,
813,1.32e+02,2.48e+00,2.56e+00,
814,1.26e+02,2.00e+00,1.92e+00,
815,1.32e+02,2.40e+00,2.56e+00,
816,1.32e+02,2.32e+00,2.16e+00,
817,1.26e+02,2.00e+00,2.40e+00,
818,1.30e+02,2.08e+00,2.40e+00,
819,1.26e+02,2.32e+00,2.08e+00,
820,1.26e+02,2.00e+00,2.00e+00,
821,1.32e+02,2.48e+00,2.56e+00,
822,1.30e+02,2.08e+00,2.48e+00,
823,1.26e+02,2.40e+00,2.08e+00,
824,1.30e+02,2.40e+00,2.08e+00,
825,1.26e+02,2.08e+00,2.48e+00,
826,1.30e+02,2.32e+00,2.40e+00,
827,1.22e+02,1.76e+00,2.00e+00,
828,1.26e+02,2.24e+00,2.40e+00,
829,1.16e+02,1.68e+00,1.92e+00,
830,1.22e+02,2.16e+00,2.24e+00,
831,1.10e+02,1.60e+00,1.76e+00,
832,1.14e+02,2.08e+00,2.16e+00,
833,1.04e+02,1.44e+00,1.60e+00,
834,1.08e+02,1.84e+00,2.00e+00,
835,9.40e+01,1.28e+00,1.44e+00,
836,9.80e+01,1.76e+00,1.76e+00,
837,8.60e+01,1.12e+00,1.28e+00,
838,9.00e+01,1.60e+00,1.68e+00,
839,7.60e+01,9.60e-01,1.12e+00,
840,8.00e+01,1.52e+00,1.44e+00,
841,6.60e+01,8.80e-01,8.80e-01,
842,7.00e+01,1.28e+00,1.28e+00,
843,5.60e+01,6.40e-01,7.20e-01,
844,6.00e+01,1.12e+00,1.04e+00,
845,4.40e+01,4.80e-01,5.60e-01,
846,4.80e+01,8.80e-01,8.80e-01,
847,3.60e+01,3.20e-01,3.20e-01,
848,4.00e+01,7.20e-01,7.20e-01,
849,2.80e+01,1.60e-01,2.40e-01,
850,3.20e+01,6.40e-01,4.80e-01,
851,2.00e+01,8.00e-02,1.60e-01,
852,2.40e+01,4.80e-01,4.00e-01,
853,1.20e+01,-8.00e-02,-8.00e-02,
854,1.60e+01,3.20e-01,3.20e-01,
855,8.00e+00,-8.00e-02,-8.00e-02,
856,1.20e+01,2.40e-01,2.40e-01,
857,4.00e+00,-1.60e-01,-1.60e-01,
858,8.00e+00,2.40e-01,1.60e-01,
859,2.00e+00,-1.60e-01,-2.40e-01,
860,6.00e+00,0.00e+00,8.00e-02,
861,2.00e+00,1.60e-01,-1.60e-01,
862,6.00e+00,0.00e+00,8.00e-02,
863,4.00e+00,2.40e-01,-1.60e-01,
864,4.00e+00,0.00e+00,8.00e-02,
865,6.00e+00,2.40e-01,-1.60e-01,
866,4.00e+00,0.00e+00,8.00e-02,
867,6.00e+00,2.40e-01,-1.60e-01,
868,4.00e+00,0.00e+00,8.00e-02,
869,8.00e+00,2.40e-01,-1.60e-01,
870,4.00e+00,0.00e+00,8.00e-02,
871,8.00e+00,2.40e-01,-1.60e-01,
872,8.00e+00,2.40e-01,8.00e-02,
873,4.00e+00,0.00e+00,-8.00e-02,
874,4.00e+00,2.40e-01,2.40e-01,
875,8.00e+00,0.00e+00,-8.00e-02,
876,4.00e+00,-1.60e-01,-8.00e-02,
877,1.00e+01,4.80e-01,3.20e-01,
878,6.00e+00,-8.00e-02,2.40e-01,
879,1.20e+01,4.00e-01,-1.60e-01,
880,6.00e+00,0.00e+00,-8.00e-02,
881,1.20e+01,5.60e-01,4.00e-01,
882,1.00e+01,5.60e-01,4.00e-01,
883,1.40e+01,8.00e-02,-8.00e-02,
884,1.00e+01,0.00e+00,4.00e-01,
885,1.60e+01,5.60e-01,0.00e+00,
886,1.20e+01,0.00e+00,4.80e-01,
887,1.80e+01,7.20e-01,0.00e+00,
888,1.40e+01,8.00e-02,8.00e-02,
889,2.00e+01,7.20e-01,4.80e-01,
890,1.60e+01,7.20e-01,6.40e-01,
891,2.20e+01,8.00e-02,8.00e-02,
892,2.00e+01,2.40e-01,1.60e-01,
893,2.60e+01,8.00e-01,5.60e-01,
894,2.60e+01,2.40e-01,2.40e-01,
895,2.20e+01,8.00e-01,7.20e-01,
896,2.40e+01,3.20e-01,2.40e-01,
897,3.00e+01,8.80e-01,7.20e-01,
898,2.60e+01,8.80e-01,2.40e-01,
899,3.40e+01,1.60e-01,8.00e-01,
900,3.00e+01,2.40e-01,8.00e-01,
901,3.60e+01,1.04e+00,3.20e-01,
902,3.20e+01,2.40e-01,3.20e-01,
903,3.80e+01,1.04e+00,8.80e-01,
904,3.40e+01,3.20e-01,3.20e-01,
905,4.00e+01,1.12e+00,9.60e-01,
906,3.80e+01,3.20e-01,9.60e-01,
907,4.60e+01,1.12e+00,3.20e-01,
908,4.20e+01,4.00e-01,4.80e-01,
909,4.80e+01,1.20e+00,1.12e+00,
910,4.40e+01,4.80e-01,5.60e-01,
911,5.00e+01,1.28e+00,1.12e+00,
912,4.60e+01,5.60e-01,5.60e-01,
913,5.40e+01,1.36e+00,1.20e+00,
914,5.20e+01,1.36e+00,6.40e-01,
915,5.80e+01,5.60e-01,1.20e+00,
916,5.40e+01,1.36e+00,6.40e-01,
917,6.00e+01,6.40e-01,1.28e+00,
918,5.80e+01,7.20e-01,6.40e-01,
919,6.60e+01,1.52e+00,1.36e+00,
920,6.20e+01,8.00e-01,7.20e-01,
921,6.80e+01,1.60e+00,1.36e+00,
922,6.40e+01,1.60e+00,8.00e-01,
923,7.00e+01,8.00e-01,1.44e+00,
924,6.80e+01,8.80e-01,8.00e-01,
925,7.60e+01,1.68e+00,1.60e+00,
926,7.20e+01,9.60e-01,8.80e-01,
927,7.80e+01,1.76e+00,1.60e+00,
928,7.40e+01,1.04e+00,1.04e+00,
929,8.00e+01,1.76e+00,1.68e+00,
930,7.80e+01,1.12e+00,1.68e+00,
931,8.60e+01,1.84e+00,1.04e+00,
932,8.00e+01,1.12e+00,1.12e+00,
933,8.80e+01,1.92e+00,1.76e+00,
934,8.40e+01,1.20e+00,1.76e+00,
935,9.00e+01,2.00e+00,1.12e+00,
936,8.80e+01,2.00e+00,1.20e+00,
937,9.20e+01,1.28e+00,1.84e+00,
938,9.00e+01,1.36e+00,1.28e+00,
939,9.80e+01,2.08e+00,1.92e+00,
940,9.40e+01,1.44e+00,1.28e+00,
941,1.00e+02,2.16e+00,2.00e+00,
942,9.60e+01,1.44e+00,1.44e+00,
943,1.02e+02,2.16e+00,2.08e+00,
944,1.00e+02,1.52e+00,2.08e+00,
945,1.04e+02,2.16e+00,1.52e+00,
946,1.02e+02,2.24e+00,1.52e+00,
947,1.08e+02,1.52e+00,2.16e+00,
948,1.06e+02,2.24e+00,1.60e+00,
949,1.10e+02,1.52e+00,2.16e+00,
950,1.08e+02,1.60e+00,1.68e+00,
951,1.12e+02,2.40e+00,2.24e+00,
952,1.10e+02,1.60e+00,2.24e+00,
953,1.14e+02,2.40e+00,1.68e+00,
954,1.12e+02,1.68e+00,2.24e+00,
955,1.18e+02,2.40e+00,1.76e+00,
956,1.16e+02,1.76e+00,2.32e+00,
957,1.20e+02,2.40e+00,1.76e+00,
958,1.16e+02,2.48e+00,1.84e+00,
959,1.22e+02,1.68e+00,2.32e+00,
960,1.18e+02,1.84e+00,2.32e+00,
961,1.24e+02,2.56e+00,1.92e+00,
962,1.20e+02,1.84e+00,2.32e+00,
963,1.24e+02,2.48e+00,1.92e+00,
964,1.22e+02,1.84e+00,2.40e+00,
965,1.28e+02,2.56e+00,1.92e+00,
966,1.22e+02,1.84e+00,1.92e+00,
967,1.28e+02,2.56e+00,2.40e+00,
968,1.22e+02,1.92e+00,2.00e+00,
969,1.30e+02,2.56e+00,2.48e+00,
970,1.26e+02,2.56e+00,2.40e+00,
971,1.30e+02,1.92e+00,1.92e+00,
972,1.26e+02,1.92e+00,2.00e+00,
973,1.32e+02,2.56e+00,2.48e+00,
974,1.26e+02,1.92e+00,2.40e+00,
975,1.32e+02,2.56e+00,2.00e+00,
976,1.32e+02,2.32e+00,2.32e+00,
977,1.28e+02,2.08e+00,2.16e+00,
978,1.30e+02,2.08e+00,2.32e+00,
979,1.26e+02,2.32e+00,2.16e+00,
980,1.26e+02,1.92e+00,1.92e+00,
981,1.32e+02,2.56e+00,2.48e+00,
982,1.30e+02,2.32e+00,2.16e+00,
983,1.26e+02,2.08e+00,2.32e+00,
984,1.30e+02,2.08e+00,2.32e+00,
985,1.26e+02,2.32e+00,2.08e+00,
986,1.30e+02,2.40e+00,2.48e+00,
987,1.22e+02,1.84e+00,1.92e+00,
988,1.24e+02,2.32e+00,2.40e+00,
989,1.18e+02,1.76e+00,1.84e+00,
990,1.22e+02,2.24e+00,2.32e+00,
991,1.10e+02,1.60e+00,1.68e+00,
992,1.14e+02,2.16e+00,2.24e+00,
993,1.04e+02,1.52e+00,1.60e+00,
994,1.08e+02,1.92e+00,2.00e+00,
995,9.40e+01,1.36e+00,1.44e+00,
996,9.80e+01,1.84e+00,1.84e+00,
997,8.60e+01,1.12e+00,1.28e+00,
998,9.00e+01,1.68e+00,1.76e+00,
999,7.60e+01,1.04e+00,1.12e+00,
1000,8.00e+01,1.52e+00,1.60e+00,
1001,6.40e+01,8.80e-01,8.80e-01,
1002,6.80e+01,1.28e+00,1.36e+00,
1003,5.40e+01,6.40e-01,7.20e-01,
1004,6.00e+01,1.12e+00,1.04e+00,
1005,4.60e+01,4.80e-01,6.40e-01,
1006,4.80e+01,8.80e-01,9.60e-01,
1007,3.60e+01,3.20e-01,4.00e-01,
1008,4.00e+01,7.20e-01,8.00e-01,
1009,2.60e+01,2.40e-01,2.40e-01,
1010,3.00e+01,6.40e-01,5.60e-01,
1011,2.00e+01,8.00e-02,1.60e-01,
1012,2.40e+01,4.00e-01,4.80e-01,
1013,1.20e+01,0.00e+00,8.00e-02,
1014,1.60e+01,0.00e+00,4.00e-01,
1015,8.00e+00,3.20e-01,-8.00e-02,
1016,1.20e+01,3.20e-01,-8.00e-02,
1017,4.00e+00,-1.60e-01,3.20e-01,
1018,8.00e+00,2.40e-01,2.40e-01,
1019,2.00e+00,-1.60e-01,-1.60e-01,
1020,6.00e+00,0.00e+00,2.40e-01,
1021,4.00e+00,2.40e-01,-1.60e-01,
1022,6.00e+00,0.00e+00,-1.60e-01,
1023,4.00e+00,2.40e-01,2.40e-01,
1024,6.00e+00,0.00e+00,2.40e-01,
1025,4.00e+00,2.40e-01,-1.60e-01,
1026,4.00e+00,0.00e+00,-1.60e-01,
1027,8.00e+00,2.40e-01,2.40e-01,
1028,4.00e+00,2.40e-01,2.40e-01,
1029,8.00e+00,0.00e+00,-1.60e-01,
1030,4.00e+00,0.00e+00,-1.60e-01,
1031,8.00e+00,2.40e-01,1.60e-01,
1032,4.00e+00,2.40e-01,-1.60e-01,
1033,8.00e+00,0.00e+00,2.40e-01,
1034,8.00e+00,2.40e-01,-8.00e-02,
1035,4.00e+00,0.00e+00,2.40e-01,
1036,4.00e+00,-8.00e-02,-1.60e-01,
1037,1.20e+01,4.00e-01,3.20e-01,
1038,6.00e+00,-8.00e-02,3.20e-01,
1039,1.20e+01,4.00e-01,-1.60e-01,
1040,6.00e+00,-8.00e-02,-8.00e-02,
1041,1.40e+01,4.00e-01,3.20e-01,
1042,1.00e+01,0.00e+00,4.00e-01,
1043,1.40e+01,4.00e-01,-8.00e-02,
1044,1.20e+01,0.00e+00,4.00e-01,
1045,1.60e+01,4.00e-01,-8.00e-02,
1046,1.20e+01,0.00e+00,4.00e-01,
1047,1.80e+01,4.80e-01,0.00e+00,
1048,1.40e+01,0.00e+00,8.00e-02,
1049,2.20e+01,4.80e-01,4.80e-01,
1050,1.60e+01,8.00e-02,4.80e-01,
1051,2.20e+01,6.40e-01,1.60e-01,
1052,2.00e+01,8.00e-02,1.60e-01,
1053,2.40e+01,5.60e-01,5.60e-01,
1054,2.20e+01,1.60e-01,2.40e-01,
1055,2.80e+01,7.20e-01,6.40e-01,
1056,2.40e+01,7.20e-01,2.40e-01,
1057,3.00e+01,1.60e-01,7.20e-01,
1058,2.60e+01,2.40e-01,3.20e-01,
1059,3.40e+01,8.00e-01,7.20e-01,
1060,3.00e+01,3.20e-01,8.00e-01,
1061,3.60e+01,8.80e-01,4.00e-01,
1062,3.20e+01,8.80e-01,4.00e-01,
1063,3.80e+01,4.80e-01,8.80e-01,
1064,3.40e+01,9.60e-01,8.80e-01,
1065,4.20e+01,4.80e-01,4.00e-01,
1066,3.80e+01,5.60e-01,5.60e-01,
1067,4.60e+01,1.12e+00,9.60e-01,
1068,4.20e+01,5.60e-01,5.60e-01,
1069,4.80e+01,1.12e+00,9.60e-01,
1070,4.40e+01,7.20e-01,6.40e-01,
1071,5.00e+01,1.20e+00,1.20e+00,
1072,4.80e+01,7.20e-01,6.40e-01,
1073,5.40e+01,1.28e+00,1.20e+00,
1074,5.20e+01,1.28e+00,7.20e-01,
1075,5.80e+01,8.00e-01,1.20e+00,
1076,5.40e+01,8.80e-01,7.20e-01,
1077,6.00e+01,1.36e+00,1.28e+00,
1078,5.60e+01,7.20e-01,7.20e-01,
1079,6.60e+01,1.44e+00,1.36e+00,
1080,6.20e+01,1.52e+00,8.80e-01,
1081,6.80e+01,7.20e-01,1.44e+00,
1082,6.40e+01,8.80e-01,1.04e+00,
1083,7.00e+01,1.60e+00,1.44e+00,
1084,6.80e+01,8.00e-01,1.04e+00,
1085,7.60e+01,1.68e+00,1.52e+00,
1086,7.00e+01,9.60e-01,1.12e+00,
1087,7.80e+01,1.68e+00,1.68e+00,
1088,7.40e+01,9.60e-01,1.12e+00,
1089,8.00e+01,1.76e+00,1.76e+00,
1090,7.80e+01,1.04e+00,1.68e+00,
1091,8.60e+01,1.84e+00,1.20e+00,
1092,8.00e+01,1.12e+00,1.20e+00,
1093,8.80e+01,1.84e+00,1.76e+00,
1094,8.40e+01,1.12e+00,1.20e+00,
1095,9.00e+01,2.00e+00,1.76e+00,
1096,8.80e+01,1.20e+00,1.28e+00,
1097,9.40e+01,2.00e+00,1.84e+00,
1098,9.00e+01,1.20e+00,1.28e+00,
1099,9.80e+01,2.08e+00,1.92e+00,
1100,9.40e+01,1.36e+00,1.92e+00,
1101,1.00e+02,2.16e+00,1.36e+00,
1102,9.80e+01,1.36e+00,1.44e+00,
1103,1.02e+02,2.16e+00,2.00e+00,
1104,9.80e+01,2.16e+00,1.44e+00,
1105,1.04e+02,1.44e+00,2.08e+00,
1106,1.08e+02,1.44e+00,1.52e+00,
1107,1.02e+02,2.24e+00,2.08e+00,
1108,1.06e+02,1.52e+00,1.52e+00,
1109,1.10e+02,2.32e+00,2.16e+00,
1110,1.08e+02,1.52e+00,1.60e+00,
1111,1.12e+02,2.40e+00,2.16e+00,
1112,1.10e+02,1.60e+00,1.60e+00,
1113,1.14e+02,2.32e+00,2.24e+00,
1114,1.12e+02,1.60e+00,1.60e+00,
1115,1.18e+02,2.48e+00,2.24e+00,
1116,1.16e+02,1.68e+00,1.68e+00,
1117,1.20e+02,2.48e+00,2.24e+00,
1118,1.16e+02,1.68e+00,1.68e+00,
1119,1.22e+02,2.56e+00,2.32e+00,
1120,1.18e+02,1.84e+00,2.32e+00,
1121,1.24e+02,2.56e+00,1.68e+00,
1122,1.20e+02,1.84e+00,1.76e+00,
1123,1.24e+02,2.64e+00,2.40e+00,
1124,1.22e+02,1.84e+00,2.40e+00,
1125,1.28e+02,2.64e+00,1.76e+00,
1126,1.22e+02,2.64e+00,2.48e+00,
1127,1.28e+02,2.00e+00,1.76e+00,
1128,1.28e+02,2.64e+00,2.48e+00,
1129,1.22e+02,2.00e+00,1.84e+00,
1130,1.30e+02,2.00e+00,1.92e+00,
1131,1.26e+02,2.64e+00,2.48e+00,
1132,1.26e+02,2.64e+00,1.92e+00,
1133,1.32e+02,2.00e+00,2.56e+00,
1134,1.26e+02,1.92e+00,2.00e+00,
1135,1.32e+02,2.72e+00,2.56e+00,
1136,1.32e+02,2.32e+00,2.32e+00,
1137,1.26e+02,2.08e+00,2.16e+00,
1138,1.30e+02,2.32e+00,2.16e+00,
1139,1.26e+02,2.08e+00,2.32e+00,
1140,1.26e+02,1.92e+00,2.00e+00,
1141,1.32e+02,2.64e+00,2.56e+00,
1142,1.30e+02,2.08e+00,2.16e+00,
1143,1.26e+02,2.40e+00,2.32e+00,
1144,1.30e+02,2.40e+00,2.16e+00,
1145,1.26e+02,2.08e+00,2.32e+00,
1146,1.30e+02,2.48e+00,2.08e+00,
1147,1.20e+02,1.84e+00,2.48e+00,
1148,1.24e+02,2.48e+00,2.24e+00,
1149,1.16e+02,1.76e+00,1.92e+00,
1150,1.20e+02,2.32e+00,2.24e+00,
1151,1.08e+02,1.60e+00,1.84e+00,
1152,1.14e+02,2.24e+00,2.24e+00,
1153,1.04e+02,1.52e+00,1.68e+00,
1154,1.08e+02,2.08e+00,2.08e+00,
1155,9.40e+01,1.36e+00,1.52e+00,
1156,9.80e+01,1.92e+00,1.84e+00,
1157,8.60e+01,1.12e+00,1.36e+00,
1158,9.00e+01,1.76e+00,1.68e+00,
1159,7.60e+01,1.04e+00,1.12e+00,
1160,7.80e+01,1.60e+00,1.52e+00,
1161,6.40e+01,8.00e-01,1.04e+00,
1162,6.80e+01,1.36e+00,1.36e+00,
1163,5.40e+01,6.40e-01,8.00e-01,
1164,5.80e+01,1.20e+00,1.20e+00,
1165,4.40e+01,4.80e-01,6.40e-01,
1166,4.80e+01,1.04e+00,9.60e-01,
1167,3.60e+01,3.20e-01,4.80e-01,
1168,4.00e+01,8.80e-01,8.00e-01,
1169,2.60e+01,1.60e-01,3.20e-01,
1170,3.00e+01,7.20e-01,7.20e-01,
1171,2.00e+01,8.00e-02,1.60e-01,
1172,2.40e+01,8.00e-02,4.80e-01,
1173,1.20e+01,5.60e-01,8.00e-02,
1174,1.60e+01,4.00e-01,4.00e-01,
1175,6.00e+00,0.00e+00,-8.00e-02,
1176,1.20e+01,3.20e-01,-8.00e-02,
1177,4.00e+00,-1.60e-01,2.40e-01,
1178,8.00e+00,2.40e-01,2.40e-01,
1179,2.00e+00,-1.60e-01,-1.60e-01,
1180,2.00e+00,0.00e+00,-8.00e-02,
1181,6.00e+00,2.40e-01,8.00e-02,
1182,6.00e+00,0.00e+00,-8.00e-02,
1183,4.00e+00,2.40e-01,1.60e-01,
1184,6.00e+00,0.00e+00,-8.00e-02,
1185,4.00e+00,2.40e-01,2.40e-01,
1186,4.00e+00,2.40e-01,-8.00e-02,
1187,8.00e+00,0.00e+00,2.40e-01,
1188,8.00e+00,0.00e+00,-8.00e-02,
1189,4.00e+00,2.40e-01,2.40e-01,
1190,8.00e+00,2.40e-01,-8.00e-02,
1191,4.00e+00,0.00e+00,2.40e-01,
1192,8.00e+00,0.00e+00,-8.00e-02,
1193,4.00e+00,2.40e-01,2.40e-01,
1194,8.00e+00,0.00e+00,-8.00e-02,
1195,4.00e+00,2.40e-01,2.40e-01,
1196,4.00e+00,0.00e+00,4.00e-01,
1197,1.00e+01,4.00e-01,-2.40e-01,
1198,6.00e+00,3.20e-01,-2.40e-01,
1199,1.20e+01,0.00e+00,4.00e-01,
