width (mm),length (mm),freq (Hz),Impedance Magnitude (Ohms),Capacitance (F),Impedance Phase (rad)
1,5,1,7.656750952235058E7,2.078622453288912E-9,-1.5706639884471743
1,5,1.1220184543019633,6.824087357911351E7,2.0786221873104392E-9,-1.570647841283711
1,5,1.2589254117941673,6.081975256790729E7,2.0786218524512813E-9,-1.5706297240980813
1,5,1.4125375446227544,5.4205672720903344E7,2.078621430906368E-9,-1.5706093966061039
1,5,1.5848931924611136,4.831086922074768E7,2.078620900071934E-9,-1.5705865892441897
1,5,1.7782794100389228,4.305712160168066E7,2.0786202318639452E-9,-1.5705609996111
1,5,1.9952623149688797,3.837471581970104E7,2.0786193909972696E-9,-1.5705322884843598
1,5,2.23872113856834,3.42015191996409E7,2.078618332524354E-9,-1.5705000753618523
1,5,2.51188643150958,3.0482155964562345E7,2.0786169996569077E-9,-1.570463933470674
1,5,2.8183829312644537,2.7167272417732686E7,2.078615321793324E-9,-1.5704233841797781
1,5,3.1622776601683795,2.421288206567635E7,2.0786132098611815E-9,-1.5703778907669315
1,5,3.548133892335755,2.157978194842289E7,2.0786105510310983E-9,-1.5703268514628264
1,5,3.981071705534973,1.923303242640352E7,2.0786072037747333E-9,-1.5702695916865974
1,5,4.466835921509632,1.7141493556654885E7,2.0786029901586203E-9,-1.5702053554223827
1,5,5.011872336272724,1.527741188309805E7,2.0785976867196222E-9,-1.5701332956341403
1,5,5.623413251903491,1.361605217464129E7,2.0785910113943028E-9,-1.570052463679843
1,5,6.309573444801933,1.2135369197685443E7,2.0785826090659223E-9,-1.5699617976305158
1,5,7.07945784384138,1.0815715181601264E7,2.0785720341120024E-9,-1.569860109443167
1,5,7.943282347242816,9639579.113492701,2.0785587256109923E-9,-1.569746071013395
1,5,8.912509381337456,8591354.376043428,2.078541977852199E-9,-1.569618199103619
1,5,10,7657131.647889951,2.07852090546644E-9,-1.5694748392005953
1,5,11.220184543019636,6824514.34687761,2.0784943944434362E-9,-1.5693141486794269
1,5,12.589254117941675,6082454.1209492525,2.078461047717362E-9,-1.56913407937598
1,5,14.125375446227547,5421104.249694108,2.0784191111329726E-9,-1.5689323604640708
1,5,15.848931924611142,4831688.973477578,2.0783663868973894E-9,-1.5687064822718928
1,5,17.78279410038923,4306387.0424602,2.078300122876413E-9,-1.56845368266189
1,5,19.952623149688797,3838227.924202215,2.078216878311543E-9,-1.5681709378243507
1,5,22.3872113856834,3420999.2987172822,2.078112358785085E-9,-1.5678549605011245
1,5,25.11886431509581,3049164.6081399736,2.077981217429675E-9,-1.5675022096514366
1,5,28.18382931264455,2717789.5706255087,2.0778168147115403E-9,-1.5671089173197383
1,5,31.622776601683793,2422476.6751750377,2.077610936505464E-9,-1.5666711403551992
1,5,35.48133892335755,2159306.788283772,2.0773534682018475E-9,-1.5661848472357751
1,5,39.810717055349734,1924787.097906594,2.077032024409453E-9,-1.565646053713027
1,5,44.668359215096324,1715804.6904254756,2.0766315537026186E-9,-1.5650510234480517
1,5,50.11872336272725,1529585.1468879122,2.076133937565116E-9,-1.5643965542786686
1,5,56.23413251903491,1363655.6055878296,2.0755176230842906E-9,-1.5636803724167017
1,5,63.09573444801933,1215811.7868916763,2.0747573713432773E-9,-1.5629016560537314
1,5,70.79457843841381,1084088.5439632908,2.0738242270654566E-9,-1.56206170490161
1,5,79.43282347242817,966733.5546846733,2.0726858529672823E-9,-1.5611647562660342
1,5,89.12509381337459,862183.8155652925,2.0713074183639563E-9,-1.56021892063977
1,5,100,769044.641473675,2.0696532787816766E-9,-1.5592371596904993
1,5,112.20184543019641,686070.9458456517,2.0676896331859913E-9,-1.5582381655279212
1,5,125.89254117941675,612150.6131164727,2.0653882850261076E-9,-1.5572469172922951
1,5,141.2537544622754,546289.8431457637,2.0627313689971602E-9,-1.5562946243750022
1,5,158.48931924611142,487600.34753958,2.0597166644535363E-9,-1.555417734703939
1,5,177.82794100389228,435288.31708976324,2.0563625864804895E-9,-1.5546557689126261
1,5,199.52623149688807,388645.0059045759,2.052711685781973E-9,-1.5540479464172616
1,5,223.872113856834,347038.72269160737,2.048831280783465E-9,-1.5536289229770912
1,5,251.18864315095823,309907.9003294357,2.044810277392253E-9,-1.5534243397864254
1,5,281.8382931264455,276754.8554389107,2.0407520715160384E-9,-1.553447143280909
1,5,316.22776601683796,247139.86899093125,2.0367645336654896E-9,-1.5536956089406428
1,5,354.81338923357566,220675.31998068525,2.032949146062708E-9,-1.5541535986644137
1,5,398.1071705534973,197019.81395431486,2.0293915245204497E-9,-1.5547929897305552
1,5,446.6835921509635,175872.41047577857,2.026155211140186E-9,-1.5555776140487922
1,5,501.18723362727246,156967.1724688386,2.023279494759408E-9,-1.5564677437998737
1,5,562.341325190349,140068.27391541068,2.020780697153658E-9,-1.557424224349945
1,5,630.9573444801937,124965.71778962895,2.0186570892006464E-9,-1.558411507384961
1,5,707.945784384138,111471.89137599662,2.016893500661374E-9,-1.559399605814392
1,5,794.3282347242822,99418.70414608941,2.0154668664190195E-9,-1.5603648704989828
1,5,891.2509381337459,88655.25611035294,2.014351552411603E-9,-1.5612898202388024
1,5,1000,79045.95976474979,2.0135232171645557E-9,-1.5621625054224761
1,5,1122.018454301964,70468.95870587503,2.0129619199670603E-9,-1.5629755850450404
1,5,1258.9254117941675,62814.767696677314,2.0126545102999507E-9,-1.5637253407960763
1,5,1412.5375446227554,55985.07177940507,2.0125966554816225E-9,-1.5644107503265174
1,5,1584.893192461114,49891.660437346705,2.012794269306103E-9,-1.5650327142094336
1,5,1778.2794100389228,44455.43140312153,2.0132661005826826E-9,-1.5655933705496232
1,5,1995.262314968881,39605.50151834916,2.0140461271877638E-9,-1.5660955966828736
1,5,2238.72113856834,35278.37938579217,2.0151873783750466E-9,-1.5665426039382904
1,5,2511.886431509582,31417.203729350073,2.016767511559343E-9,-1.5669376197645177
1,5,2818.382931264455,27971.039260296548,2.0188972116462105E-9,-1.5672836233660483
1,5,3162.2776601683795,24894.221084411078,2.0217331466478725E-9,-1.5675830966631856
1,5,3548.1338923357566,22145.735030034397,2.0254985332756625E-9,-1.5678377408532331
1,5,3981.0717055349733,19688.61462261629,2.0305169229200047E-9,-1.568048082066637
1,5,4466.835921509635,17489.320943192695,2.0372702041313974E-9,-1.5682128259546404
1,5,5011.872336272725,15517.041532767413,2.0465036918164283E-9,-1.5683276712228176
1,5,5623.413251903491,13742.773750998318,2.059429833309576E-9,-1.568382907137839
1,5,6309.573444801937,12137.877417895195,2.0781585363011406E-9,-1.5683580296322999
1,5,7079.457843841381,10671.260986381973,2.1067152780217136E-9,-1.5682080548116653
1,5,7943.282347242822,9302.605135647551,2.153859973017337E-9,-1.5678221387867062
1,5,8912.509381337459,7961.572674224734,2.2429760207543156E-9,-1.5668610986501685
1,5,10000,6457.857866701591,2.464577255282417E-9,-1.5637482982981934
1,5,11220.18454301963,3704.5427325455366,3.831585486209408E-9,-1.5340676436496408
1,5,12589.254117941688,18216.650441711216,6.949086795081081E-10,-1.519298752860397
1,5,14125.375446227554,7753.796563798197,1.4531371580564134E-9,-1.5687845735889059
1,5,15848.93192461114,6165.769692608924,1.6286691097077462E-9,-1.5704476277260286
1,5,17782.794100389227,5247.258796780427,1.7056410844227937E-9,-1.5707238623308672
1,5,19952.62314968879,4562.163778640935,1.7484340659721243E-9,-1.570785280932766
1,5,22387.211385683422,4003.7763699414004,1.7756211915979333E-9,-1.5707962619210445
1,5,25118.864315095823,3530.4639056116976,1.7946855078598904E-9,-1.570793147955036
1,5,28183.82931264455,3120.8804740287273,1.8094350374871812E-9,-1.5707852574970027
1,5,31622.776601683792,2761.6518035753143,1.822431490169963E-9,-1.5707738474389663
1,5,35481.33892335753,2442.493630473982,1.836482068267957E-9,-1.5707548489520131
1,5,39810.71705534977,2151.7273722124155,1.8579451504122094E-9,-1.5707079588697024
1,5,44668.359215096345,1851.5611264387926,1.9243413314279784E-9,-1.5704223228463314
1,7,1,5.429883992005446E7,2.9310930652642862E-9,-1.5704409567135902
1,7,1.1220184543019633,4.839393823578394E7,2.931090313903733E-9,-1.570397606149298
1,7,1.2589254117941673,4.313119471534115E7,2.9310868497471184E-9,-1.5703489706152716
1,7,1.4125375446227544,3.8440775941098675E7,2.931082488837866E-9,-1.570294407141591
1,7,1.5848931924611136,3.426044290349259E7,2.931076999193756E-9,-1.570233195089116
1,7,1.7782794100389228,3.0534725118859153E7,2.931070088998413E-9,-1.5701645269886668
1,7,1.9952623149688797,2.7214184557788774E7,2.931061392480251E-9,-1.5700874983950164
1,7,2.23872113856834,2.4254759654703494E7,2.9310504486498343E-9,-1.570001096686624
1,7,2.51188643150958,2.1617180679134436E7,2.931036670744148E-9,-1.569904188872766
1,7,2.8183829312644537,1.9266448520649213E7,2.931019330968528E-9,-1.5697955080012598
1,7,3.1622776601683795,1.7171370363363434E7,2.9309975125848647E-9,-1.569673638702459
1,7,3.548133892335755,1.5304145799870104E7,2.9309700560082535E-9,-1.5695370017129004
1,7,3.981071705534973,1.3639997848302219E7,2.9309355126865712E-9,-1.5693838372357138
1,7,4.466835921509632,1.2156844252731765E7,2.930892056126041E-9,-1.5692121881824872
1,7,5.011872336272724,1.0835004372584807E7,2.9308374075087967E-9,-1.569019882758217
1,7,5.623413251903491,9656938.130540937,2.9307686960171156E-9,-1.5688045186338893
1,7,6.309573444801933,8607013.197952885,2.9306823268882515E-9,-1.5685634485027922
1,7,7.07945784384138,7671297.530385596,2.9305738125474987E-9,-1.5682937693340457
1,7,7.943282347242816,6837374.530457394,2.9304375394239562E-9,-1.5679923186801485
1,7,8.912509381337456,6094178.207351339,2.930266524391413E-9,-1.5676556800172152
1,7,10,5431846.356726162,2.9300520756702505E-9,-1.5672802045012013
1,7,11.220184543019636,4841589.598393075,2.9297834368945917E-9,-1.566862053516928
1,7,12.589254117941675,4315574.693647113,2.9294473438512274E-9,-1.5663972735440974
1,7,14.125375446227547,3846820.514322625,2.9290275236059713E-9,-1.5658819148353715
1,7,15.848931924611142,3429105.273890701,2.928504153270628E-9,-1.565312209251815
1,7,17.78279410038923,3056883.793717456,2.9278533007966636E-9,-1.564684826240017
1,7,19.952623149688797,2725213.699159462,2.927046397024674E-9,-1.5639972286373671
1,7,22.3872113856834,2429689.5567339263,2.9260498226571236E-9,-1.563248151126339
1,7,25.11886431509581,2166384.0561577342,2.9248247596962907E-9,-1.562438217819298
1,7,28.18382931264455,1931795.4721485917,2.923327485917223E-9,-1.5615707068382234
1,7,31.622776601683793,1722800.7209499837,2.921510363921924E-9,-1.5606524437675953
1,7,35.48133892335755,1536613.4169845746,2.919323837714185E-9,-1.5596947629877382
1,7,39.810717055349734,1370746.4609242957,2.91671971154637E-9,-1.5587144197387972
1,7,44.668359215096324,1222978.7670535801,2.9136559278159664E-9,-1.557734253915285
1,7,50.11872336272725,1091325.8497214348,2.91010279913364E-9,-1.5567833347963813
1,7,56.23413251903491,974014.0577041616,2.9060502367201893E-9,-1.5558962720676874
1,7,63.09573444801933,869458.2706156273,2.9015149497909112E-9,-1.55511142245479
1,7,70.79457843841381,776242.8025394563,2.896546088859676E-9,-1.554467884376127
1,7,79.43282347242817,693105.1724388722,2.8912273571610756E-9,-1.5540014950348113
1,7,89.12509381337459,618922.1339756293,2.8856741530073385E-9,-1.5537404111069741
1,7,100,552697.270385695,2.880025115133835E-9,-1.5537011757747066
1,7,112.20184543019641,493549.39591881505,2.8744291171417313E-9,-1.5538862255820212
1,7,125.89254117941675,440701.1992726813,2.8690301502982834E-9,-1.5542835071107317
1,7,141.2537544622754,393467.8956354738,2.863953233462186E-9,-1.5548683188306034
1,7,158.48931924611142,351245.9879595942,2.8592943195811366E-9,-1.555606858058281
1,7,177.82794100389228,313502.53953253647,2.855115597863258E-9,-1.5564605888020095
1,7,199.52623149688807,279765.3846692704,2.8514461848527283E-9,-1.5573904675826555
1,7,223.872113856834,249614.59799779192,2.8482869169242855E-9,-1.5583603211258035
1,7,251.18864315095823,222675.34683460975,2.8456173465250634E-9,-1.559339046276753
1,7,281.8382931264455,198612.04526975375,2.8434033098383705E-9,-1.5603016416806685
1,7,316.22776601683796,177123.62204498815,2.8416037834882124E-9,-1.5612293075116541
1,7,354.81338923357566,157939.65117304452,2.8401766047339424E-9,-1.5621089136977202
1,7,398.1071705534973,140817.14947705212,2.8390824986883302E-9,-1.5629321529021358
1,7,446.6835921509635,125537.82705257297,2.8382881003777125E-9,-1.56369457044091
1,7,501.18723362727246,111905.68664095603,2.8377679170096685E-9,-1.564394637729582
1,7,562.341325190349,99744.9103304784,2.8375047699379376E-9,-1.56503297003122
1,7,630.9573444801937,88897.80696355399,2.8374938020209378E-9,-1.5656115601360963
1,7,707.945784384138,79223.13524260331,2.8377414752723374E-9,-1.5661333114661493
1,7,794.3282347242822,70594.4939858353,2.83826618292674E-9,-1.566601695939985
1,7,891.2509381337459,62898.77238649924,2.8391024104565194E-9,-1.5670203685075372
1,7,1000,56034.81021468473,2.840303450949571E-9,-1.5673929758891765
1,7,1122.018454301964,49912.155923692204,2.841946207562958E-9,-1.5677229991905943
1,7,1258.9254117941675,44449.92801792059,2.8441385644074014E-9,-1.5680136294609126
1,7,1412.5375446227554,39575.76934507052,2.847030724022969E-9,-1.5682676567892306
1,7,1584.893192461114,35224.91546194795,2.8508300621054063E-9,-1.5684873885491721
1,7,1778.2794100389228,31339.26113506813,2.8558300305843435E-9,-1.5686744643768136
1,7,1995.262314968881,27866.527338319087,2.8624513897269592E-9,-1.5688296572598353
1,7,2238.72113856834,24759.390722765645,2.8713155074657213E-9,-1.568952475835735
1,7,2511.886431509582,21974.53467223645,2.883374901686296E-9,-1.569040429418572
1,7,2818.382931264455,19471.449809521357,2.9001634583003884E-9,-1.5690875338552224
1,7,3162.2776601683795,17210.613051372555,2.9243168733954474E-9,-1.569080999391121
1,7,3548.1338923357566,15150.077611931256,2.9607789207481513E-9,-1.56899297722582
1,7,3981.0717055349733,13237.545528980627,3.0200460729238016E-9,-1.5687563545219756
1,7,4466.835921509635,11387.015917026787,3.129044192493063E-9,-1.5681742558556866
1,7,5011.872336272725,9383.87959204976,3.3840898561922877E-9,-1.5664083422884887
1,7,5623.413251903491,6179.27825910568,4.580810180981855E-9,-1.554185678516236
1,7,6309.573444801937,56967.120546829436,4.4845966944337667E-10,-1.4115876562858574
1,7,7079.457843841381,11222.34013611467,2.003260961085594E-9,-1.568848809523792
1,7,7943.282347242822,8756.591096974065,2.288153114506711E-9,-1.5704861419007161
1,7,8912.509381337459,7422.095538718825,2.405988749096018E-9,-1.5707322807882462
1,7,10000,6444.323395948912,2.4696920579857776E-9,-1.5707858262795973
1,7,11220.18454301963,5652.529402505046,2.5094428040730866E-9,-1.5707960980673592
1,7,12589.254117941688,4983.303941834929,2.536896534299513E-9,-1.5707945804941146
1,7,14125.375446227554,4405.127249778931,2.5577710844617355E-9,-1.5707892953112672
1,7,15848.93192461114,3898.740359570896,2.575703201634914E-9,-1.5707817003164166
1,7,17782.794100389227,3449.8714719215895,2.5942822035248835E-9,-1.5707697311683517
1,7,19952.62314968879,3043.9123624672966,2.6205230723036267E-9,-1.5707431395667975
1,7,22387.211385683422,2646.107239047024,2.6866599250325424E-9,-1.5706223427692165
1,7,25118.864315095823,7676.2303225639935,8.285690609474176E-10,-1.4835087053403482
1,7,28183.82931264455,2283.2673511461894,2.4732235075583465E-9,-1.5707376417081576
1,7,31622.776601683792,1991.5532946521596,2.527133581633151E-9,-1.570790726987509
1,7,35481.33892335753,1760.1125286075176,2.5484710082226057E-9,-1.5707962797634487
1,7,39810.71705534977,1560.2474529485355,2.562280369728779E-9,-1.570794422255126
1,7,44668.359215096345,1383.4679168566972,2.5754376454100766E-9,-1.570785337951687
1,10,1,3.7796958400341325E7,4.210789226520532E-9,-1.569780381533664
1,10,1.1220184543019633,3.368684160128152E7,4.210756417367564E-9,-1.5696566858946523
1,10,1.2589254117941673,3.0023728507509287E7,4.210715143349904E-9,-1.5695180075738846
1,10,1.4125375446227544,2.6759011898330864E7,4.210663206236863E-9,-1.5693625639856015
1,10,1.5848931924611136,2.384937080464841E7,4.210597876794153E-9,-1.56918837344824
1,10,1.7782794100389228,2.125619592842577E7,4.21051571962306E-9,-1.5689932387609342
1,10,1.9952623149688797,1.894507720185918E7,4.210412435553492E-9,-1.56877473144891
1,10,2.23872113856834,1.688534722891767E7,4.210282635539473E-9,-1.5685301783045003
1,10,2.51188643150958,1.5049674376683187E7,4.210119556414919E-9,-1.5682566532793323
1,10,2.8183829312644537,1.3413699822131585E7,4.209914797108413E-9,-1.567950974206851
1,10,3.1622776601683795,1.195571444393827E7,4.209657890028294E-9,-1.5676097123676052
1,10,3.548133892335755,1.0656370749479696E7,4.209335799117318E-9,-1.567229219664552
1,10,3.981071705534973,9498425.799109815,4.208932446680087E-9,-1.5668056753158524
1,10,4.466835921509632,8466512.489933992,4.208427985175254E-9,-1.5663351727354173
1,10,5.011872336272724,7546935.229430809,4.20779816255829E-9,-1.5658138459669129
1,10,5.623413251903491,6727488.110788102,4.207013458486256E-9,-1.5652380666422148
1,10,6.309573444801933,5997292.5098204855,4.206038316845657E-9,-1.5646047188055479
1,10,7.07945784384138,5346652.207577177,4.204830460893643E-9,-1.5639115770676608
1,10,7.943282347242816,4766924.181067685,4.203340353559745E-9,-1.5631578136998454
1,10,8.912509381337456,4250403.175520007,4.201511102290251E-9,-1.5623446461484198
1,10,10,3790218.5141287297,4.1992791534956385E-9,-1.561476122205904
1,10,11.220184543019636,3380242.038479218,4.1965759415195665E-9,-1.5605600309649332
1,10,12.589254117941675,3015005.7486649,4.193331202951989E-9,-1.5596088476582908
1,10,14.125375446227547,2689628.45708173,4.189478127851076E-9,-1.5586405929659846
1,10,15.848931924611142,2399750.6319978107,4.184960652605994E-9,-1.5576793861533094
1,10,17.78279410038923,2141476.8495688858,4.179742809407738E-9,-1.5567553967483863
1,10,19.952623149688797,1911325.5970132991,4.173819052274743E-9,-1.5559039152640863
1,10,22.3872113856834,1706185.8706037784,4.1672241554227675E-9,-1.5551632699111364
1,10,25.11886431509581,1523280.1313965812,4.160040120064314E-9,-1.5545715765774497
1,10,28.18382931264455,1360132.7272840491,4.15239753040553E-9,-1.5541626222330438
1,10,31.622776601683793,1214542.5521904049,4.144469435324037E-9,-1.553961533399955
1,10,35.48133892335755,1084558.469087299,4.136457463271695E-9,-1.5539811865369544
1,10,39.810717055349734,968456.0524480974,4.1285721773548846E-9,-1.554220243697041
1,10,44.668359215096324,864714.6483017716,4.1210115867019174E-9,-1.554663356370659
1,10,50.11872336272725,771994.4789036512,4.113942292644948E-9,-1.5552834873569918
1,10,56.23413251903491,689114.1723886657,4.1074870103386365E-9,-1.5560457058104396
1,10,63.09573444801933,615029.5778702167,4.1017198446847526E-9,-1.5569115470872616
1,10,70.79457843841381,548814.6267149856,4.096669137061177E-9,-1.557843002357239
1,10,79.43282347242817,489644.90243594325,4.092324991677866E-9,-1.5588055751636192
1,10,89.12509381337459,436783.9240416602,4.088649541398929E-9,-1.5597701374611646
1,10,100,389571.9715678085,4.085587385065431E-9,-1.5607136803096104
1,10,112.20184543019641,347417.01276699494,4.08307481974256E-9,-1.5616192180081074
1,10,125.89254117941675,309787.28622401296,4.081046819916459E-9,-1.562475169161257
1,10,141.2537544622754,276205.04699629813,4.0794424201873255E-9,-1.5632744574600779
1,10,158.48931924611142,246241.2393991024,4.0782076345002824E-9,-1.5640135759669744
1,10,177.82794100389228,219510.7539863032,4.077297703179758E-9,-1.5646916870638674
1,10,199.52623149688807,195668.20186828225,4.076678041492745E-9,-1.5653098626931299
1,10,223.872113856834,174404.0594115739,4.076325082773432E-9,-1.5658704561984298
1,10,251.18864315095823,155441.1763594681,4.076226415596142E-9,-1.566376628170553
1,10,281.8382931264455,138531.55208013378,4.076381710321683E-9,-1.5668319771616541
1,10,316.22776601683796,123453.4204302114,4.0768032305649705E-9,-1.5672402855117542
1,10,354.81338923357566,110008.56120663205,4.077517729979758E-9,-1.5676053277183135
1,10,398.1071705534973,98019.87575927665,4.078568559393842E-9,-1.5679307479343185
1,10,446.6835921509635,87329.16787229646,4.080019615376875E-9,-1.5682199699507982
1,10,501.18723362727246,77795.1515932684,4.08196023055561E-9,-1.568476145944405
1,10,562.341325190349,69291.71388296422,4.084508277415923E-9,-1.5687021555377738
1,10,630.9573444801937,61706.030752520724,4.087834464449007E-9,-1.568900459980452
1,10,707.945784384138,54937.28255076134,4.0921693951429275E-9,-1.5690731381224574
1,10,794.3282347242822,48895.32137555488,4.097824596851236E-9,-1.569221903082021
1,10,891.2509381337459,43499.25760273073,4.105241799527205E-9,-1.5693479120771352
1,10,1000,38676.284660366204,4.1150562516475474E-9,-1.5694516421549982
1,10,1122.018454301964,34360.43592613812,4.128210302987056E-9,-1.5695325952424484
1,10,1258.9254117941675,30491.184536080957,4.146160901874542E-9,-1.5695887167596971
1,10,1412.5375446227554,27011.6222510616,4.17128407073786E-9,-1.569615185605977
1,10,1584.893192461114,23865.709965945272,4.207712741343769E-9,-1.5696017468571115
1,10,1778.2794100389228,20992.60501218851,4.263381024513466E-9,-1.5695256377702624
1,10,1995.262314968881,18313.244268043927,4.35567342444E-9,-1.5693302246819434
1,10,2238.72113856834,15688.251929267548,4.531546161166111E-9,-1.5688394650347033
1,10,2511.886431509582,12730.099559186434,4.977269162290981E-9,-1.567208116293433
1,10,2818.382931264455,7038.814897631205,8.024541302568475E-9,-1.5493772627837654
1,10,3162.2776601683795,29254.58263957428,1.7206398108232707E-9,-1.5536636514652855
1,10,3548.1338923357566,14771.199658925894,3.0367184041717933E-9,-1.569942451811173
1,10,3981.0717055349733,11908.420086592378,3.357113232806689E-9,-1.5706465357911241
1,10,4466.835921509635,10180.890118535246,3.4997287213714948E-9,-1.5707661545016756
1,10,5011.872336272725,8871.16633545788,3.5796404687579834E-9,-1.5707922726727874
1,10,5623.413251903491,7795.230337208067,3.6307068048434456E-9,-1.5707963235223898
1,10,6309.573444801937,6879.240230008761,3.666736113576623E-9,-1.570794253608993
1,10,7079.457843841381,6084.484512091912,3.6948459986574547E-9,-1.5707900983760577
1,10,7943.282347242822,5386.241421129161,3.7199261343839223E-9,-1.570784273693303
1,10,8912.509381337459,4765.18824714666,3.747486437524811E-9,-1.570774673939088
1,10,10000,4199.2143239188845,3.790112410939705E-9,-1.5707513592326818
1,10,11220.18454301963,3619.5234624829263,3.9189411550428955E-9,-1.5706182768085473
1,10,12589.254117941688,4199.676619237495,3.0102660727376554E-9,-1.5691303509129524
1,10,14125.375446227554,3146.1072855818147,3.581348658601414E-9,-1.5707682087381425
1,10,15848.93192461114,2754.4964779117786,3.645674665399339E-9,-1.5707935459071471
1,10,17782.794100389227,2436.241364779161,3.6736672688834313E-9,-1.5707963267711311
1,10,19952.62314968879,2160.1652073386035,3.692607647575824E-9,-1.5707945604741929
1,10,22387.211385683422,1915.4320858586202,3.7115334037072988E-9,-1.5707869876117506
1,10,25118.864315095823,1692.5174572275623,3.743578766094541E-9,-1.5707502372147986
1,10,28183.82931264455,1440.0057833825215,3.92153485958999E-9,-1.569874298263705
1,10,31622.776601683792,1414.4699856971533,3.558167923159527E-9,-1.5703413440355884
1,10,35481.33892335753,1231.9329110091771,3.6411039428465766E-9,-1.570682160810509
1,10,39810.71705534977,1090.5909405659452,3.665711469025784E-9,-1.5704100556195204
1,10,44668.359215096345,969.4680588958076,3.6752478037867917E-9,-1.57078512385001
2,5,1,3.9291959559963256E7,4.050572821663238E-9,-1.570724409461839
2,5,1.1220184543019633,3.5018997042491294E7,4.050572682848776E-9,-1.570715634294385
2,5,1.2589254117941673,3.1210715337587938E7,4.050572508337418E-9,-1.5707057884252784
2,5,1.4125375446227544,2.7816580862929314E7,4.050572288606983E-9,-1.57069474122166
2,5,1.5848931924611136,2.479155551823957E7,4.050572011610394E-9,-1.5706823461168629
2,5,1.7782794100389228,2.2095499050263558E7,4.0505716633597164E-9,-1.570668438666622
2,5,1.9952623149688797,1.9692636425261278E7,4.050571225963871E-9,-1.5706528343720862
2,5,2.23872113856834,1.7551083126354374E7,4.05057067409775E-9,-1.5706353262388626
2,5,2.51188643150958,1.5642422037953977E7,4.050569979124233E-9,-1.5706156820341979
2,5,2.8183829312644537,1.39413263819232E7,4.050569105452862E-9,-1.5705936412165884
2,5,3.1622776601683795,1.2425223660363637E7,4.050568004380702E-9,-1.5705689114996506
2,5,3.548133892335755,1.1073996106647806E7,4.050566618581317E-9,-1.5705411649870757
2,5,3.981071705534973,9869713.7551693,4.050564873115027E-9,-1.5705100338584674
2,5,4.466835921509632,8796396.50670957,4.0505626766363355E-9,-1.5704751055260369
2,5,5.011872336272724,7839802.094546578,4.050559911935008E-9,-1.5704359172260893
2,5,5.623413251903491,6987237.094152421,4.050556430710765E-9,-1.5703919499634829
2,5,6.309573444801933,6227388.483101615,4.050552049214766E-9,-1.5703426217399676
2,5,7.07945784384138,5550173.534457047,4.0505465326725295E-9,-1.5702872800156806
2,5,7.943282347242816,4946606.016193329,4.050539588030224E-9,-1.5702251932785236
2,5,8.912509381337456,4408676.952382704,4.050530847080527E-9,-1.5701555416824287
2,5,10,3929248.352101063,4.050519843982647E-9,-1.570077406660967
2,5,11.220184543019636,3501958.4881533394,4.050505994245357E-9,-1.5699897594061503
2,5,12.589254117941675,3121137.4825132634,4.050488562562383E-9,-1.5698914481842035
2,5,14.125375446227547,2781732.071346192,4.0504666226497716E-9,-1.5697811844098568
2,5,15.848931924611142,2479238.5491810963,4.050439010916801E-9,-1.5696575274575881
2,5,17.78279410038923,2209643.0081388243,4.05040426468617E-9,-1.5695188682295753
2,5,19.952623149688797,1969368.0763009,4.050360544397162E-9,-1.569363411629805
2,5,22.3872113856834,1755225.4464341744,4.0503055404238124E-9,-1.5691891580605553
2,5,25.11886431509581,1564373.56945213,4.0502363523923485E-9,-1.5689938844361155
2,5,28.18382931264455,1394279.9479302026,4.050149340780031E-9,-1.5687751252681907
2,5,31.622776601683793,1242687.5297540529,4.0500399443498256E-9,-1.568530154785108
2,5,35.48133892335755,1107584.7576558138,4.049902450427297E-9,-1.5682559716249085
2,5,39.810717055349734,987178.8742026481,4.0497297171129124E-9,-1.5679492880997545
2,5,44.668359215096324,879872.1306764483,4.049512828682861E-9,-1.5676065272883122
2,5,50.11872336272725,784240.5814357505,4.049240681471179E-9,-1.567223832124234
2,5,56.23413251903491,699015.1833438798,4.04889948564829E-9,-1.5667970925734267
2,5,63.09573444801933,623064.949984522,4.0484721663262516E-9,-1.5663219993288053
2,5,70.79457843841381,555381.9280841417,4.047937712949325E-9,-1.5657941342020696
2,5,79.43282347242817,495067.8146167054,4.047270369359322E-9,-1.5652091129964627
2,5,89.12509381337459,441322.0131150876,4.0464388229491E-9,-1.56456279722335
2,5,100,393430.98546736967,4.045405344545498E-9,-1.5638515975311376
2,5,112.20184543019641,350758.74901326676,4.044125015614214E-9,-1.56307289241355
2,5,125.89254117941675,312738.3935861297,4.042545176069788E-9,-1.5622255867628305
2,5,141.2537544622754,278864.5051336763,4.040605312012286E-9,-1.5613108284966652
2,5,158.48931924611142,248686.39535285902,4.0382376982025034E-9,-1.5603328866441024
2,5,177.82794100389228,221802.05081435436,4.0353691863998434E-9,-1.5593001641046
2,5,199.52623149688807,197852.72455764358,4.031924657255934E-9,-1.5582262663321353
2,5,223.872113856834,176518.11582675454,4.027832485254577E-9,-1.5571309805164295
2,5,251.18864315095823,157512.08657436646,4.02303236430049E-9,-1.556040927169366
2,5,281.8382931264455,140578.88504442788,4.017485281725556E-9,-1.5549895709292043
2,5,316.22776601683796,125489.8516422775,4.0111848015240725E-9,-1.5540162420600503
2,5,354.81338923357566,112040.58258228698,4.004167980696341E-9,-1.5531638869815867
2,5,398.1071705534973,100048.52056331537,3.9965233141924394E-9,-1.5524754912952556
2,5,446.6835921509635,89350.91726483744,3.988392815626462E-9,-1.5519894857918273
2,5,501.18723362727246,79803.07671395688,3.979966341575397E-9,-1.551734851413354
2,5,562.341325190349,71276.79567746675,3.971466760511112E-9,-1.5517270404102572
2,5,630.9573444801937,63658.83223764992,3.963131378418675E-9,-1.551965436785094
2,5,707.945784384138,56849.456849019705,3.955187135586099E-9,-1.5524335192563097
2,5,794.3282347242822,50760.93208658382,3.947830863125887E-9,-1.5531014261295084
2,5,891.2509381337459,45316.00295181493,3.9412166672522644E-9,-1.5539299923234071
2,5,1000,40446.47284995416,3.935451085154239E-9,-1.554875686644649
2,5,1122.018454301964,36091.90912100763,3.93059678558456E-9,-1.555895165340719
2,5,1258.9254117941675,32198.52434191162,3.926682650767477E-9,-1.5569487658193955
2,5,1412.5375446227554,28718.251136857012,3.9237170868320275E-9,-1.5580026679679175
2,5,1584.893192461114,25607.997877588215,3.921701832979816E-9,-1.559029859862891
2,5,1778.2794100389228,22829.03709800981,3.920647547451654E-9,-1.5600099475227258
2,5,1995.262314968881,20346.52208142819,3.920586971936768E-9,-1.5609284941892831
2,5,2238.72113856834,18129.077166906773,3.921589246482066E-9,-1.561775942122855
2,5,2511.886431509582,16148.445389136723,3.923775868249816E-9,-1.562546426393073
2,5,2818.382931264455,14379.173440525523,3.927341072293312E-9,-1.5632365894690932
2,5,3162.2776601683795,12798.321670530306,3.932580349074556E-9,-1.5638444393332982
2,5,3548.1338923357566,11385.184269308706,3.939934849301266E-9,-1.5643681777590301
2,5,3981.0717055349733,10121.011953166593,3.95006269655013E-9,-1.5648048862405495
2,5,4466.835921509635,8988.71526891238,3.963961556402242E-9,-1.5651487408049758
2,5,5011.872336272725,7972.515604405267,3.9831907525257054E-9,-1.5653881192396786
2,5,5623.413251903491,7057.471150133648,4.010302298214286E-9,-1.565500105708261
2,5,6309.573444801937,6228.707057761951,4.049752284613114E-9,-1.5654385100936352
2,5,7079.457843841381,5469.896842493691,4.110058775031993E-9,-1.5651037413187545
2,5,7943.282347242822,4759.594368436231,4.209780860584257E-9,-1.5642521556652957
2,5,8912.509381337459,4060.0407451655715,4.398514277487994E-9,-1.562141349286978
2,5,10000,3269.4319738712493,4.868550924469542E-9,-1.5553380888546755
2,5,11220.18454301963,1828.2394978813093,7.783154299740648E-9,-1.4914489888804898
2,5,12589.254117941688,10867.535394718216,1.1732922832624446E-9,-1.4401467664936072
2,5,14125.375446227554,4123.655169831749,2.732388470327456E-9,-1.5661669032796297
2,5,15848.93192461114,3238.1220036071472,3.101180635961439E-9,-1.5699943859281875
2,5,17782.794100389227,2742.527151189421,3.263391680539419E-9,-1.5706272300957964
2,5,19952.62314968879,2378.3970922937365,3.3537892362054183E-9,-1.5707692516262395
2,5,22387.211385683422,2083.9567710042174,3.4113904222023104E-9,-1.5707959684410098
2,5,25118.864315095823,1835.5113139224181,3.4519386284610415E-9,-1.5707903188922334
2,5,28183.82931264455,1621.1062703917437,3.4834424995771714E-9,-1.5707737245689974
2,5,31622.776601683792,1433.3665596781123,3.5112589881613917E-9,-1.570749359877682
2,5,35481.33892335753,1266.6964776713562,3.5411764749444094E-9,-1.5707086036454485
2,5,39810.71705534977,1114.7702009442075,3.5862023301650897E-9,-1.5706070357752349
2,5,44668.359215096345,956.4192416243555,3.72539201300624E-9,-1.5699587630613714
2,7,1,2.770940371191865E7,5.743716019367926E-9,-1.570605579636917
2,7,1.1220184543019633,2.4696038313299116E7,5.743714590510612E-9,-1.5705823064332294
2,7,1.2589254117941673,2.20103743468226E7,5.743712789557311E-9,-1.5705561940785748
2,7,1.4125375446227544,1.961677466745154E7,5.743710524563318E-9,-1.570526896388908
2,7,1.5848931924611136,1.7483477673581135E7,5.7437076717527634E-9,-1.5704940250520438
2,7,1.7782794100389228,1.5582175802083503E7,5.743704081758375E-9,-1.5704571445134337
2,7,1.9952623149688797,1.3887639915869473E7,5.743699570675259E-9,-1.570415766267086
2,7,2.23872113856834,1.2377384591126692E7,5.743693883473249E-9,-1.5703693425301088
2,7,2.51188643150958,1.1031369641390411E7,5.7436867229083066E-9,-1.5703172590598078
2,7,2.8183829312644537,9831734.251878468,5.743677715681011E-9,-1.5702588272270188
2,7,3.1622776601683795,8762560.010948151,5.743666370700749E-9,-1.570193275248534
2,7,3.548133892335755,7809659.610126112,5.74365209367113E-9,-1.5701197382695058
2,7,3.981071705534973,6960388.654561818,5.743634114092746E-9,-1.570037247602529
2,7,4.466835921509632,6203477.814016036,5.743611491680635E-9,-1.5699447185672626
2,7,5.011872336272724,5528883.3473844575,5.74358301970852E-9,-1.5698409374680746
2,7,5.623413251903491,4927653.79812604,5.743547182013194E-9,-1.5697245470897905
2,7,6.309573444801933,4391811.203677526,5.7435020875380684E-9,-1.5695940310235987
2,7,7.07945784384138,3914245.2588506914,5.7434453414998476E-9,-1.5694476970418134
2,7,7.943282347242816,3488618.945006381,5.7433739443242066E-9,-1.5692836592264168
2,7,8.912509381337456,3109284.44476184,5.74328413487333E-9,-1.5690998196587003
2,7,10,2771208.2083312427,5.743171178476574E-9,-1.568893850006944
2,7,11.220184543019636,2469904.1444258853,5.743029153022367E-9,-1.5686631736094885
2,7,12.589254117941675,2201374.1016301005,5.742850630552231E-9,-1.5684049499344803
2,7,14.125375446227547,1962054.8061694733,5.7426263213477496E-9,-1.5681160625112989
2,7,15.848931924611142,1748770.5747620082,5.742344625619102E-9,-1.5677931137404715
2,7,17.78279410038923,1558691.1697188662,5.741991083850622E-9,-1.5674324299746145
2,7,19.952623149688797,1389294.2322189412,5.741547724528517E-9,-1.56703008239567
2,7,22.3872113856834,1238331.800069666,5.74099227895482E-9,-1.5665819310747324
2,7,25.11886431509581,1103800.4585831254,5.740297276703583E-9,-1.5660837019731177
2,7,28.18382931264455,983914.7313476976,5.73942901054913E-9,-1.5655311098404847
2,7,31.622776601683793,877083.3562027878,5.738346385498994E-9,-1.564920043874303
2,7,35.48133892335755,781888.1210066769,5.736999755155105E-9,-1.5642468355521568
2,7,39.810717055349734,697064.9880456458,5.735329781074027E-9,-1.5635086323686405
2,7,44.668359215096324,621487.2435923363,5.733266548696444E-9,-1.5627039013353103
2,7,50.11872336272725,554150.4511277764,5.730729193713412E-9,-1.561833082323732
2,7,56.23413251903491,494159.00875246106,5.7276264267223246E-9,-1.5608994000481575
2,7,63.09573444801933,440714.13766830956,5.723858448990045E-9,-1.559909818927313
2,7,70.79457843841381,393103.13690487086,5.719321074355267E-9,-1.5588760779939639
2,7,79.43282347242817,350689.81229543115,5.713912318141217E-9,-1.557815690283496
2,7,89.12509381337459,312905.95191437827,5.707542255921052E-9,-1.5567526957642985
2,7,100,279243.7908228754,5.700145991746869E-9,-1.5557178828529987
2,7,112.20184543019641,249249.41246563604,5.6916988826020266E-9,-1.554748139888192
2,7,125.89254117941675,222517.0432970995,5.682231969950644E-9,-1.5538846338078907
2,7,141.2537544622754,198684.18251803628,5.671844409029855E-9,-1.553169680696746
2,7,158.48931924611142,177427.47548444493,5.660708948120956E-9,-1.5526424950478854
2,7,177.82794100389228,158459.18725469374,5.649066987088793E-9,-1.552334420494142
2,7,199.52623149688807,141524.07928299677,5.637212051188701E-9,-1.5522645784202778
2,7,223.872113856834,126396.50024186423,5.625463089094786E-9,-1.5524369948907248
2,7,251.18864315095823,112877.52079445143,5.614132887810722E-9,-1.5528399617490765
2,7,281.8382931264455,100792.04395693485,5.60349821100586E-9,-1.5534478109509833
2,7,316.22776601683796,89985.9195627106,5.593777768621166E-9,-1.5542246229567347
2,7,354.81338923357566,80323.15944170849,5.585121867632488E-9,-1.5551288946550579
2,7,398.1071705534973,71683.38417879399,5.577613506242845E-9,-1.5561181739850576
2,7,446.6835921509635,63959.58918942918,5.5712787517409135E-9,-1.5571527930261067
2,7,501.18723362727246,57056.27393902436,5.566102362983227E-9,-1.5581983883265997
2,7,562.341325190349,50887.960006588495,5.562040596593995E-9,-1.5592273288361258
2,7,630.9573444801937,45377.810042223784,5.559054065232476E-9,-1.560218104491676
2,7,707.945784384138,40456.81515495783,5.557105257756424E-9,-1.5611556736987977
2,7,794.3282347242822,36062.923309136146,5.556174662121964E-9,-1.562030357545882
2,7,891.2509381337459,32140.306998254626,5.5562767490400014E-9,-1.5628365395481671
2,7,1000,28638.774403684813,5.557468851935733E-9,-1.5635717354398044
2,7,1122.018454301964,25513.222507874136,5.559863912586159E-9,-1.5642356520198166
2,7,1258.9254117941675,22723.135748924728,5.563647421442623E-9,-1.5648293676474532
2,7,1412.5375446227554,20232.118820022733,5.569102292400798E-9,-1.5653546084226264
2,7,1584.893192461114,18007.49136821698,5.576636131804107E-9,-1.5658133037603965
2,7,1778.2794100389228,16019.827948579918,5.5868480319210936E-9,-1.5662067213999855
2,7,1995.262314968881,14242.578258672074,5.600611663570641E-9,-1.566534919071919
2,7,2238.72113856834,12651.638104551987,5.619230491740504E-9,-1.5667956949615245
2,7,2511.886431509582,11224.872091109683,5.64471329991626E-9,-1.5669828879224208
2,7,2818.382931264455,9941.495921534382,5.680301488583232E-9,-1.5670830995086296
2,7,3162.2776601683795,8781.124755729494,5.731562093966432E-9,-1.5670686011498716
2,7,3548.1338923357566,7721.973891515437,5.80891649633111E-9,-1.5668798571716551
2,7,3981.0717055349733,6736.704438759484,5.934400914868594E-9,-1.566374838057263
2,7,4466.835921509635,5780.351688866003,6.164144508798844E-9,-1.5651420140585601
2,7,5011.872336272725,4742.588386289625,6.696125652323137E-9,-1.561467885921584
2,7,5623.413251903491,3115.5661104089604,9.089103485679385E-9,-1.5377008083267427
2,7,6309.573444801937,70103.02348910231,2.4542610193721606E-9,-0.14714003614484503
2,7,7079.457843841381,6046.718169912706,3.7179683762901863E-9,-1.5658620133835057
2,7,7943.282347242822,4604.084214133682,4.351880913537442E-9,-1.5700231634166297
2,7,8912.509381337459,3872.790944708634,4.611010204841343E-9,-1.5706313487874415
2,7,10000,3350.4543255277617,4.750249599061355E-9,-1.5707659932840234
2,7,11220.18454301963,2932.714512091599,4.8367132823406354E-9,-1.570794685583445
2,7,12589.254117941688,2582.094327897712,4.896074617732465E-9,-1.5707942183193229
2,7,14125.375446227554,2280.4747528343264,4.940772569121312E-9,-1.5707844319876554
2,7,15848.93192461114,2017.0719948011006,4.978502529858061E-9,-1.5707695231226637
2,7,17782.794100389227,1784.120570936692,5.016443573391567E-9,-1.5707459826515118
2,7,19952.62314968879,1573.9873021487845,5.067793491896008E-9,-1.5706942914410111
2,7,22387.211385683422,1369.490303322588,5.191121503676967E-9,-1.5704634947525038
2,7,25118.864315095823,5296.46713650231,1.2649701058257088E-9,-1.2397428047623127
2,7,28183.82931264455,1175.8338415091291,4.802575258043721E-9,-1.5706808810407502
2,7,31622.776601683792,1025.6692106246062,4.906963335343545E-9,-1.5707858352285875
2,7,35481.33892335753,906.0787974326261,4.950558122621975E-9,-1.5707962902106078
2,7,39810.71705534977,802.6124062291494,4.980973866853697E-9,-1.5707919754295316
2,7,44668.359215096345,710.9545627199522,5.011621757423904E-9,-1.5707727243458771
2,10,1,1.919336273993887E7,8.292187685523272E-9,-1.570257967412782
2,10,1.1220184543019633,1.710613817941128E7,8.292170724146225E-9,-1.5701923126777422
2,10,1.2589254117941673,1.5245901675639827E7,8.292149373105512E-9,-1.5701186613119413
2,10,1.4125375446227544,1.3587969019994475E7,8.292122496324473E-9,-1.5700360435317626
2,10,1.5848931924611136,1.2110340445372347E7,8.292088668883585E-9,-1.5699433736767918
2,10,1.7782794100389228,1.079340871224216E7,8.29204609679216E-9,-1.5698394370778208
2,10,1.9952623149688797,9619698.87917699,8.291992567079927E-9,-1.569722875570585
2,10,2.23872113856834,8573636.634994846,8.291925148763505E-9,-1.5695921726628024
2,10,2.51188643150958,7641341.2974734465,8.29184032016332E-9,-1.5694456360618128
2,10,2.8183829312644537,6810441.830446258,8.29173363183941E-9,-1.5692813806181085
2,10,3.1622776601683795,6069912.733219835,8.29159939493993E-9,-1.5690973109796311
2,10,3.548133892335755,5409927.565066178,8.291430592208946E-9,-1.5688911027123014
2,10,3.981071705534973,4821728.707403178,8.291218325148454E-9,-1.5686601864570502
2,10,4.466835921509632,4297511.013550754,8.290951572279552E-9,-1.5684017323244532
2,10,5.011872336272724,3830318.354791497,8.290616453439547E-9,-1.568112640771194
2,10,5.623413251903491,3413951.253766838,8.2901956308485E-9,-1.5677895396989328
2,10,6.309573444801933,3042884.5657370156,8.2896676054652E-9,-1.5674287917872685
2,10,7.07945784384138,2712194.220913265,8.289005568177562E-9,-1.5670265219160895
2,10,7.943282347242816,2417491.793808377,8.28817640263304E-9,-1.5665786657967313
2,10,8.912509381337456,2154866.2556396737,8.287139305730047E-9,-1.5660810559418892
2,10,10,1920832.0278258633,8.285844269634035E-9,-1.5655295560101028
2,10,11.220184543019636,1712282.6592918464,8.284230437190526E-9,-1.5649202607300619
2,10,12.589254117941675,1526449.4915821708,8.282224520011858E-9,-1.5642497802975919
2,10,14.125375446227547,1360864.8207230128,8.279739154709047E-9,-1.5635156367337575
2,10,15.848931924611142,1213328.970239607,8.276671905227816E-9,-1.5627167889754474
2,10,17.78279410038923,1081880.9162024988,8.272904952786233E-9,-1.5618543092479136
2,10,19.952623149688797,964772.0369646983,8.268306233227354E-9,-1.5609322143240902
2,10,22.3872113856834,860442.6379725271,8.262732922731251E-9,-1.5599584194645701
2,10,25.11886431509581,767500.9986992426,8.256037908458036E-9,-1.5589457534446052
2,10,28.18382931264455,684704.6752044392,8.248080332577903E-9,-1.5579128869526646
2,10,31.622776601683793,610943.8983166189,8.238740520014626E-9,-1.5568849611015276
2,10,35.48133892335755,545226.9113113064,8.227939246375947E-9,-1.555893607840274
2,10,39.810717055349734,486667.17263620964,8.2156594567988E-9,-1.5549760425666168
2,10,44.668359215096324,434472.31682918215,8.201967238778853E-9,-1.554172960342729
2,10,50.11872336272725,387934.7443813526,8.187027148142652E-9,-1.5535251711304057
2,10,56.23413251903491,346423.628975268,8.171106418507236E-9,-1.5530692549387868
2,10,63.09573444801933,309378.04908656346,8.154563306681686E-9,-1.5528329444039495
2,10,70.79457843841381,276300.79749483353,8.137820021249445E-9,-1.5528311630491114
2,10,79.43282347242817,246752.5745125939,8.121321870743213E-9,-1.5530637731797632
2,10,89.12509381337459,220346.20467005172,8.105492454292455E-9,-1.5535155828458442
2,10,100,196740.82566464902,8.090693588304721E-9,-1.5541586419375766
2,10,112.20184543019641,175636.13991618963,8.077198102097204E-9,-1.5549561946933421
2,10,125.89254117941675,156766.95441013513,8.065178970821385E-9,-1.5558673118063326
2,10,141.2537544622754,139898.23063029101,8.054714269847793E-9,-1.5568512174942264
2,10,158.48931924611142,124820.81248989301,8.045803226839518E-9,-1.5578706400747178
2,10,177.82794100389228,111347.8703109846,8.038388280282522E-9,-1.5588938990039385
2,10,199.52623149688807,99312.01667938835,8.032377906565207E-9,-1.5598958003696277
2,10,223.872113856834,88562.97430800064,8.027667720281043E-9,-1.5608575932029451
2,10,251.18864315095823,78965.68382272028,8.024157372213756E-9,-1.5617663392411543
2,10,281.8382931264455,70398.7254002228,8.021763870154203E-9,-1.5626139765814206
2,10,316.22776601683796,62752.96972067917,8.020431604369585E-9,-1.563396295055555
2,10,354.81338923357566,55930.39007635556,8.02014067021217E-9,-1.5641119807281296
2,10,398.1071705534973,49842.99169674547,8.020915433596214E-9,-1.5647617564883773
2,10,446.6835921509635,44411.85875960997,8.022830709404694E-9,-1.5653477212214244
2,10,501.18723362727246,39566.24676465391,8.026025594549575E-9,-1.5658727821000828
2,10,562.341325190349,35242.88937005557,8.030691379740352E-9,-1.5663405656103522
2,10,630.9573444801937,31384.843225059965,8.03718040208259E-9,-1.5667538600713278
2,10,707.945784384138,27941.232279554868,8.045953486400982E-9,-1.5671157387148167
2,10,794.3282347242822,24866.49101955419,8.05764424622921E-9,-1.5674289149055787
2,10,891.2509381337459,22119.632349590476,8.073174053648067E-9,-1.5676951290311318
2,10,1000,19663.7025462274,8.0938777131829E-9,-1.5679148959654743
2,10,1122.018454301964,17465.158197981094,8.121742237400909E-9,-1.5680868228886873
2,10,1258.9254117941675,15493.142126685576,8.15984827263467E-9,-1.5682063211111528
2,10,1412.5375446227554,13718.545922093617,8.213219769278295E-9,-1.5682630251520144
2,10,1584.893192461114,12112.633994175994,8.29054271653655E-9,-1.5682354430067054
2,10,1778.2794100389228,10644.01049665469,8.408459648563126E-9,-1.5680760232245021
2,10,1995.262314968881,9271.794147670902,8.603169433064774E-9,-1.5676678446179988
2,10,2238.72113856834,7924.412831550962,8.971328639576356E-9,-1.5666534367121954
2,10,2511.886431509582,6408.479285618689,9.887286291976978E-9,-1.563374045995864
2,10,2818.382931264455,3634.1519924904865,1.555032165078539E-8,-1.5322732624357742
2,10,3162.2776601683795,19476.52598323236,2.5885561324998952E-9,-1.512084658696103
2,10,3548.1338923357566,7855.497362292061,5.710149687972186E-9,-1.568598791951847
2,10,3981.0717055349733,6213.655490584888,6.433880544226395E-9,-1.57041129332612
2,10,4466.835921509635,5277.701778208761,6.751111593482969E-9,-1.570713891585739
2,10,5011.872336272725,4584.176944074028,6.927216468655428E-9,-1.570782598112076
2,10,5623.413251903491,4020.918617458264,7.038738786639549E-9,-1.5707960405417074
2,10,6309.573444801937,3544.517527381569,7.11644346247494E-9,-1.5707938990263781
2,10,7079.457843841381,3132.9060416936745,7.175840243801668E-9,-1.5707865481120409
2,10,7943.282347242822,2772.4166218289547,7.227059625016753E-9,-1.5707757512600415
2,10,8912.509381337459,2452.7771402912313,7.280514011623995E-9,-1.5707581214556725
2,10,10000,2163.016000947502,7.358010459960726E-9,-1.5707163935617259
2,10,11220.18454301963,1872.3844920009456,7.575740966769855E-9,-1.5704895055556967
2,10,12589.254117941688,2165.3257336904608,5.838486926083014E-9,-1.5668290936543996
2,10,14125.375446227554,1609.3284051011321,7.001247900874237E-9,-1.570743956503859
2,10,15848.93192461114,1410.276468658363,7.120588231239282E-9,-1.5707917195225205
2,10,17782.794100389227,1247.5674787710275,7.173912684631416E-9,-1.5707962948806673
2,10,19952.62314968879,1106.0676493858798,7.211713107361799E-9,-1.5707920867398422
2,10,22387.211385683422,980.4333847694598,7.251069048445004E-9,-1.570775942395106
2,10,25118.864315095823,865.8333652627898,7.317888973517827E-9,-1.570700372750156
2,10,28183.82931264455,737.3888069285429,7.658155978711863E-9,-1.569110629189933
2,10,31622.776601683792,726.8281627192739,6.924503456082677E-9,-1.5697201827658023
2,10,35481.33892335753,630.4138588150039,7.115319296722224E-9,-1.5705427787476816
2,10,39810.71705534977,557.2774003136304,7.173792093375704E-9,-1.5701686247350135
2,10,44668.359215096345,494.5714659265961,7.204288156769213E-9,-1.5707783410983962
5,5,1,1.6465113351744188E7,9.666191770084997E-9,-1.5707641772123764
5,5,1.1220184543019633,1.467454781020065E7,9.666191712766795E-9,-1.5707602543753876
5,5,1.2589254117941673,1.3078704602582628E7,9.666191640448262E-9,-1.5707558528821135
5,5,1.4125375446227544,1.1656407859278364E7,9.666191549080074E-9,-1.570750914328606
5,5,1.5848931924611136,1.0388784566741403E7,9.666191433596692E-9,-1.570745373184932
5,5,1.7782794100389228,9259014.132786732,9.666191289009159E-9,-1.5707391559256594
5,5,1.9952623149688797,8252105.187899574,9.666191110531361E-9,-1.5707321800543212
5,5,2.23872113856834,7354696.668234524,9.666190881815306E-9,-1.5707243530108896
5,5,2.51188643150958,6554880.504961635,9.666190593796628E-9,-1.5707155709413876
5,5,2.8183829312644537,5842043.622099174,9.666190233484417E-9,-1.570705717321798
5,5,3.1622776601683795,5206727.109453134,9.666189778451963E-9,-1.5706946614141213
5,5,3.548133892335755,4640500.702341655,9.66618920515514E-9,-1.5706822565311866
5,5,3.981071705534973,4135850.92137202,9.666188480555814E-9,-1.5706683380946458
5,5,4.466835921509632,3686081.3676274517,9.66618757281357E-9,-1.570652721449983
5,5,5.011872336272724,3285223.874337324,9.666186429335143E-9,-1.5706351994260184
5,5,5.623413251903491,2927959.3063325477,9.666184988270329E-9,-1.570615539589875
5,5,6.309573444801933,2609546.9791005165,9.666183175183833E-9,-1.570593481169512
5,5,7.07945784384138,2325761.7548101866,9.6661808926572E-9,-1.5705687316088843
5,5,7.943282347242816,2072837.9762588593,9.66617801771579E-9,-1.5705409627024014
5,5,8.912509381337456,1847419.4981308964,9.666174399107348E-9,-1.5705098062623828
5,5,10,1646515.1541780247,9.66616984436476E-9,-1.5704748492719733
5,5,11.220184543019636,1467459.0660229714,9.66616410985021E-9,-1.5704356284524836
5,5,12.589254117941675,1307875.268093077,9.666156890561789E-9,-1.5703916241848868
5,5,14.125375446227547,1165646.180311138,9.666147802357196E-9,-1.5703422537138314
5,5,15.848931924611142,1038884.5090250756,9.6661363620236E-9,-1.5702868635536404
5,5,17.78279410038923,925908.2038141569,9.66612196127257E-9,-1.5702247210128177
5,5,19.952623149688797,825218.1378458792,9.66610383265205E-9,-1.570155004752836
5,5,22.3872113856834,735478.2150261785,9.666081012262696E-9,-1.570076794275065
5,5,25.11886431509581,655497.6409160595,9.666052288290978E-9,-1.5699890582578704
5,5,28.18382931264455,584215.1219594596,9.666016131633405E-9,-1.5698906416628722
5,5,31.622776601683793,520684.7820757002,9.665970625073417E-9,-1.5697802514882706
5,5,35.48133892335755,464063.61218363733,9.665913350576098E-9,-1.5696564411902132
5,5,39.810717055349734,413600.2833582652,9.665841272290996E-9,-1.56951759364834
5,5,44.668359215096324,368625.1774711797,9.665750571140881E-9,-1.5693619028177233
5,5,50.11872336272725,328541.50157367473,9.665636448207507E-9,-1.5691873541004768
5,5,56.23413251903491,292817.36868806527,9.665492877990015E-9,-1.5689917037322163
5,5,63.09573444801933,260978.74033035577,9.665312283106405E-9,-1.5687724576603606
5,5,70.79457843841381,232603.1350677535,9.665085185368384E-9,-1.5685268504796308
5,5,79.43282347242817,207314.02345287902,9.664799687121329E-9,-1.5682518258174076
5,5,89.12509381337459,184775.83074764945,9.664440903009192E-9,-1.5679440195454757
5,5,100,164689.48385972684,9.663990225538907E-9,-1.5675997484857465
5,5,112.20184543019641,146788.4422534891,9.663424437251768E-9,-1.567215008013773
5,5,125.89254117941675,130835.16020745535,9.662714644979088E-9,-1.5667854835245936
5,5,141.2537544622754,116617.9336073825,9.66182500158634E-9,-1.5663065826188263
5,5,158.48931924611142,103948.08927185256,9.660711198203051E-9,-1.5657734973872584
5,5,177.82794100389228,92657.47945246812,9.659318712721147E-9,-1.565181309246956
5,5,199.52623149688807,82596.2474941493,9.657580895545521E-9,-1.5645251521604406
5,5,223.872113856834,73630.83563082664,9.655416893375319E-9,-1.5638004546955355
5,5,251.18864315095823,65642.2077429308,9.652729592326123E-9,-1.5630032848873001
5,5,281.8382931264455,58524.262960574495,9.649403885770089E-9,-1.562130823566388
5,5,316.22776601683796,52182.42033418571,9.645305444114212E-9,-1.5611819955386188
5,5,354.81338923357566,46532.35233421311,9.640281118158647E-9,-1.56015826874521
5,5,398.1071705534973,41498.85406612541,9.634161327733318E-9,-1.5590646283321286
5,5,446.6835921509635,37014.83357537038,9.626765360649128E-9,-1.5579106932854516
5,5,501.18723362727246,33020.406026233766,9.617912017141454E-9,-1.5567118585159432
5,5,562.341325190349,29462.106986524886,9.607429409426296E-9,-1.5554904902676292
5,5,630.9573444801937,26292.118022229984,9.595195443741746E-9,-1.5542760060297738
5,5,707.945784384138,23467.70606724787,9.581145969426551E-9,-1.5531052373688046
5,5,794.3282347242822,20950.65806120876,9.565309209318599E-9,-1.5520211188934003
5,5,891.2509381337459,18706.799396043658,9.547840333253386E-9,-1.5510698065732136
5,5,1000,16705.606580504624,9.529039820344504E-9,-1.5502966492984513
5,5,1122.018454301964,14919.87398826105,9.50935915195441E-9,-1.5497410594725405
5,5,1258.9254117941675,13325.425651838603,9.489387242297165E-9,-1.5494311909621439
5,5,1412.5375446227554,11900.854930384314,9.46981682242633E-9,-1.5493795881732069
5,5,1584.893192461114,10627.280147812096,9.451391289236397E-9,-1.5495812321751776
5,5,1778.2794100389228,9488.077362387883,9.434865491834943E-9,-1.550013474268052
5,5,1995.262314968881,8468.626751907615,9.420964659530975E-9,-1.550639190293639
5,5,2238.72113856834,7556.049523779179,9.41037523407601E-9,-1.5514112316983697
5,5,2511.886431509582,6738.958334934883,9.403766471551255E-9,-1.552277386513904
5,5,2818.382931264455,6007.230115758702,9.401847867934114E-9,-1.553184627488563
5,5,3162.2776601683795,5351.808232215974,9.405464669472107E-9,-1.5540818583478608
5,5,3548.1338923357566,4764.531046967103,9.41574530720849E-9,-1.5549205571100957
5,5,3981.0717055349733,4237.982548179778,9.43432352417356E-9,-1.555653114431636
5,5,4466.835921509635,3765.3487887280367,9.463700934013918E-9,-1.5562280978790541
5,5,5011.872336272725,3340.2572791972625,9.507888855626463E-9,-1.5565806518459133
5,5,5623.413251903491,2956.5546626417336,9.57365786920864E-9,-1.556612970141931
5,5,6309.573444801937,2607.9222819282536,9.673242327248186E-9,-1.5561503346189485
5,5,7079.457843841381,2287.0596465555554,9.831007485234056E-9,-1.5548259652197538
5,5,7943.282347242822,1983.5567511345105,1.0103098938447407E-8,-1.5517104883888404
5,5,8912.509381337459,1676.78426738806,1.0653751210108287E-8,-1.5436865584417256
5,5,10000,1301.0185689887003,1.2253750430315637E-8,-1.5127368288635588
5,5,11220.18454301963,500.5709337634774,4.7674269592070416E-8,-0.6365051283302078
5,5,12589.254117941688,2478.349355660443,5.112181077294096E-9,-1.5047252369712254
5,5,14125.375446227554,1608.0372540001586,7.0070079327370015E-9,-1.564509174357493
5,5,15848.93192461114,1316.712172640652,7.626575848507044E-9,-1.5695963568634257
5,5,17782.794100389227,1128.5289930424517,7.930625137647082E-9,-1.5705647914715308
5,5,19952.62314968879,983.2845655410265,8.112242219882748E-9,-1.5707733384650322
5,5,22387.211385683422,863.2078439397736,8.235780315039038E-9,-1.5707939850076582
5,5,25118.864315095823,760.6662019254394,8.329635778370483E-9,-1.5707627878592985
5,5,28183.82931264455,671.505401442327,8.40950867115788E-9,-1.5707143223308575
5,5,31622.776601683792,593.0263782770913,8.486842151874133E-9,-1.5706499928102347
5,5,35481.33892335753,523.1256507065666,8.574605143302335E-9,-1.5705422566587648
5,5,39810.71705534977,459.31418374648194,8.70382892271029E-9,-1.5702232368437326
5,5,44668.359215096345,372.457186863294,9.56760568728666E-9,-1.5542441671396632
5,7,1,1.1559982417909615E7,1.3767749630656454E-8,-1.5707114949338643
5,7,1.1220184543019633,1.0302845628286038E7,1.3767749037449413E-8,-1.570701143984577
5,7,1.2589254117941673,9182421.354126863,1.3767748270227492E-8,-1.5706895300729415
5,7,1.4125375446227544,8183842.2180137625,1.376774732859753E-8,-1.5706764991081967
5,7,1.5848931924611136,7293857.697769346,1.3767746139671274E-8,-1.5706618782110837
5,7,1.7782794100389228,6500658.235488215,1.3767744647558265E-8,-1.5706454734139568
5,7,1.9952623149688797,5793718.550171043,1.3767742788711432E-8,-1.5706270670930078
5,7,2.23872113856834,5163657.998267533,1.3767740426406695E-8,-1.5706064151049994
5,7,2.51188643150958,4602116.05070217,1.3767737452574746E-8,-1.5705832435317655
5,7,2.8183829312644537,4101641.38311953,1.3767733721929313E-8,-1.5705572450716276
5,7,3.1622776601683795,3655593.0078803515,1.3767729013271747E-8,-1.5705280749978703
5,7,3.548133892335755,3258052.1303177145,1.3767723087663517E-8,-1.5704953465863218
5,7,3.981071705534973,2903743.6289792536,1.3767715609125913E-8,-1.5704586260605449
5,7,4.466835921509632,2587966.036434633,1.3767706220547147E-8,-1.5704174268411164
5,7,5.011872336272724,2306529.1807165435,1.3767694401749035E-8,-1.5703712032342403
5,7,5.623413251903491,2055698.567761871,1.3767679510036323E-8,-1.5703193432934992
5,7,6.309573444801933,1832145.8247839527,1.3767660770355998E-8,-1.57026116083161
5,7,7.07945784384138,1632904.5437106404,1.3767637178861494E-8,-1.5701958865981562
5,7,7.943282347242816,1455330.9140039305,1.3767607477351027E-8,-1.5701226583806909
5,7,8.912509381337456,1297068.6406382201,1.3767570092578347E-8,-1.5700405100435493
5,7,10,1156017.679483276,1.3767523035039673E-8,-1.5699483593926984
5,7,11.220184543019636,1030306.3696609298,1.376746380535948E-8,-1.5698449947311532
5,7,12.589254117941675,918266.597949878,1.376738926110318E-8,-1.569729060122128
5,7,14.125375446227547,818411.6646032127,1.3767295440339676E-8,-1.5695990393064372
5,7,15.848931924611142,729416.5539659838,1.3767177380520633E-8,-1.5694532381684823
5,7,17.78279410038923,650100.354701198,1.3767028818134958E-8,-1.5692897660697505
5,7,19.952623149688797,579410.586990639,1.3766841911832117E-8,-1.5691065159140782
5,7,22.3872113856834,516409.23919434065,1.3766606784773126E-8,-1.5689011437245866
5,7,25.11886431509581,460260.31752555503,1.3766311097388866E-8,-1.5686710477293242
5,7,28.18382931264455,410218.75710324326,1.3765939301886319E-8,-1.5684133487605159
5,7,31.622776601683793,365620.53062665276,1.3765471979985408E-8,-1.568124872315696
5,7,35.48133892335755,325873.8387417095,1.376488482431231E-8,-1.5678021351003124
5,7,39.810717055349734,290451.2559549452,1.3764147471208519E-8,-1.5674413391807043
5,7,44.668359215096324,258882.7297968808,1.3763222119702212E-8,-1.5670383768930012
5,7,50.11872336272725,230749.34312693257,1.3762061756173534E-8,-1.56658885426561
5,7,56.23413251903491,205677.7519011888,1.3760608164818884E-8,-1.5660881392592656
5,7,63.09573444801933,183335.2290164409,1.3758789470570464E-8,-1.5655314473721713
5,7,70.79457843841381,163425.24102398983,1.3756517699462656E-8,-1.5649139767671336
5,7,79.43282347242817,145683.51108994792,1.3753685568070864E-8,-1.5642311147993777
5,7,89.12509381337459,129874.501763348,1.3750163581793629E-8,-1.563478734606101
5,7,100,115788.27931033753,1.3745797111606606E-8,-1.5626536093503762
5,7,112.20184543019641,103237.71348158598,1.3740404233773231E-8,-1.5617539701464889
5,7,125.89254117941675,92055.97672043597,1.3733774947908243E-8,-1.5607802295909392
5,7,141.2537544622754,82094.30924970214,1.3725672857340322E-8,-1.5597358805358308
5,7,158.48931924611142,73220.02106368881,1.3715840706252346E-8,-1.5586285505128865
5,7,177.82794100389228,65314.70694558191,1.3704011264265068E-8,-1.5574711485620767
5,7,199.52623149688807,58272.650975752,1.3689925884911966E-8,-1.556282959138818
5,7,223.872113856834,51999.41035429933,1.3673360980007212E-8,-1.5550904678920872
5,7,251.18864315095823,46410.56274030935,1.3654163230816202E-8,-1.5539275867197484
5,7,281.8382931264455,41430.6113367517,1.3632291001782633E-8,-1.5528349068433445
5,7,316.22776601683796,36992.04437220034,1.3607855460769759E-8,-1.551857680250178
5,7,354.81338923357566,33034.53150052135,1.3581155465132556E-8,-1.551042306109012
5,7,398.1071705534973,29504.248576599763,1.3552694084555015E-8,-1.5504315823690524
5,7,446.6835921509635,26353.309450573055,1.3523165190719081E-8,-1.5500595299977737
5,7,501.18723362727246,23539.25110518478,1.3493415522940573E-8,-1.5499464437716712
5,7,562.341325190349,21024.596399413655,1.3464353744294967E-8,-1.5500966545171524
5,7,630.9573444801937,18776.254281805883,1.343694921213024E-8,-1.5504949855338481
5,7,707.945784384138,16765.185236397985,1.3412073353590482E-8,-1.5511119341409705
5,7,794.3282347242822,14965.85429550124,1.3390478751134438E-8,-1.5519068127757127
5,7,891.2509381337459,13355.736260916792,1.3372800826735413E-8,-1.5528322394623784
5,7,1000,11914.890999122917,1.3359570556020995E-8,-1.553839533395582
5,7,1122.018454301964,10625.578105750803,1.3351269347026122E-8,-1.5548826524275015
5,7,1258.9254117941675,9471.93153586042,1.3348412994678983E-8,-1.555920596041264
5,7,1412.5375446227554,8439.695392495729,1.3351657474360881E-8,-1.556918443125673
5,7,1584.893192461114,7516.024384655828,1.33619044336651E-8,-1.5578475836255237
5,7,1778.2794100389228,6689.273830769515,1.3380520845816625E-8,-1.5586832934526276
5,7,1995.262314968881,5948.8534390103905,1.3409576145465446E-8,-1.5594029050060727
5,7,2238.72113856834,5285.059327946462,1.3452272645274615E-8,-1.5599819381854125
5,7,2511.886431509582,4688.884590490217,1.3513694991545837E-8,-1.560388090225574
5,7,2818.382931264455,4151.759329550507,1.3602247390071255E-8,-1.5605702853225534
5,7,3162.2776601683795,3665.125968800786,1.3732655795327881E-8,-1.5604358595027095
5,7,3548.1338923357566,3219.5840247951155,1.3933064730291505E-8,-1.559793903039849
5,7,3981.0717055349733,2802.838330022112,1.426450168173303E-8,-1.5581879739954656
5,7,4466.835921509635,2393.4908240547898,1.4888392509460354E-8,-1.554251181278232
5,7,5011.872336272725,1935.160768375708,1.641667938281411E-8,-1.5418289370556273
5,7,5623.413251903491,1138.818546611778,2.507631217057774E-8,-1.437014339635455
5,7,6309.573444801937,6944.924903250883,3.815770088811415E-9,-1.2592283859452742
5,7,7079.457843841381,2449.7788510587193,9.177255893990547E-9,-1.5612979979553698
5,7,7943.282347242822,1911.9770909927104,1.0479438184143392E-8,-1.5692006745665692
5,7,8912.509381337459,1616.3553836149017,1.104799072448183E-8,-1.570468189274937
5,7,10000,1400.4206470290294,1.1364795544158978E-8,-1.5707460512924478
5,7,11220.18454301963,1226.219459569953,1.1567830801595112E-8,-1.5707959238566478
5,7,12589.254117941688,1079.3794553378925,1.1712402378903056E-8,-1.570783403076209
5,7,14125.375446227554,952.7221932667187,1.1826435023562851E-8,-1.5707509603981287
5,7,15848.93192461114,841.8738514164795,1.1928150577260252E-8,-1.570705590854847
5,7,17782.794100389227,743.6070580624232,1.2035846328318692E-8,-1.570633527148032
5,7,19952.62314968879,654.5488652903135,1.2186474421956005E-8,-1.5704641234450718
5,7,22387.211385683422,564.8384431037374,1.2586247496319225E-8,-1.5694680492418196
5,7,25118.864315095823,591.1018648958191,1.0719229713256863E-8,-1.5656389406954823
5,7,28183.82931264455,475.78776338857807,1.186880145447644E-8,-1.5707101735056745
5,7,31622.776601683792,414.98915068777274,1.2127838046146061E-8,-1.5707959771010611
5,7,35481.33892335753,362.84361933422866,1.236233879299778E-8,-1.570778389421668
5,7,39810.71705534977,315.0599228509392,1.2688987540596272E-8,-1.5707097156946936
5,7,44668.359215096345,267.9695697412681,1.3296418543178227E-8,-1.5704595638744139
5,10,1,7949133.142368767,2.0021673402313886E-8,-1.570558101583693
5,10,1.1220184543019633,7084674.920824255,2.0021666342010667E-8,-1.5705290361349604
5,10,1.2589254117941673,6314226.049614351,2.0021657394856295E-8,-1.5704964251705646
5,10,1.4125375446227544,5627563.116577348,2.0021646149581964E-8,-1.570459836483435
5,10,1.5848931924611136,5015574.531149541,2.002163197601882E-8,-1.5704187853059703
5,10,1.7782794100389228,4470139.565645791,2.002161416310696E-8,-1.5703727279379607
5,10,1.9952623149688797,3984020.614261419,2.002159184863699E-8,-1.5703210546454751
5,10,2.23872113856834,3550767.219039864,2.002156362578684E-8,-1.570263081942096
5,10,2.51188643150958,3164630.3470278075,2.0021528098278335E-8,-1.570198043450913
5,10,2.8183829312644537,2820486.1844224483,2.0021483461102617E-8,-1.5701250802254427
5,10,3.1622776601683795,2513768.166177907,2.002142721587571E-8,-1.5700432300201066
5,10,3.548133892335755,2240406.3263780745,2.0021356388049932E-8,-1.5699514149572356
5,10,3.981071705534973,1996773.3219214103,2.0021267175115304E-8,-1.569848428451213
5,10,4.466835921509632,1779636.2720928758,2.0021155022230748E-8,-1.5697329202041652
5,10,5.011872336272724,1586113.9111098808,2.0021013870957656E-8,-1.569603380753351
5,10,5.623413251903491,1413638.317859864,2.0020836174760058E-8,-1.569458124126775
5,10,6.309573444801933,1259920.8357612565,2.002061263437749E-8,-1.5692952689555806
5,10,7.07945784384138,1122921.7279000639,2.002033138760248E-8,-1.569112719600986
5,10,7.943282347242816,1000823.0967234559,2.0019977566417886E-8,-1.568908145764072
5,10,8.912509381337456,892004.7581048273,2.001953262207888E-8,-1.5686789624820068
5,10,10,795022.751004381,2.0018973216356918E-8,-1.5684223114432247
5,10,11.220184543019636,708590.1720155474,2.0018270116221005E-8,-1.5681350442940207
5,10,12.589254117941675,631560.0969378744,2.0017386774499247E-8,-1.5678137111382378
5,10,14.125375446227547,562910.3593844393,2.0016277598121322E-8,-1.5674545565109637
5,10,15.848931924611142,501729.9853504428,2.001488580691948E-8,-1.5670535282546882
5,10,17.78279410038923,447207.1023177624,2.001314084445532E-8,-1.566606304392938
5,10,19.952623149688797,398618.1616776985,2.001095530560549E-8,-1.5661083484478997
5,10,22.3872113856834,355318.32541345584,2.0008221675028885E-8,-1.5655550003890635
5,10,25.11886431509581,316732.9074872562,2.0004807999481538E-8,-1.564941625227815
5,10,28.18382931264455,282349.72793614096,2.0000553958219023E-8,-1.5642638288210078
5,10,31.622776601683793,251712.30334453416,1.9995266270142448E-8,-1.563517771614945
5,10,35.48133892335755,224413.76836916603,1.998871451424361E-8,-1.5627006036597937
5,10,39.810717055349734,200091.44242341843,1.9980628652904063E-8,-1.5618110385300377
5,10,44.668359215096324,178421.98743171335,1.9970697857974062E-8,-1.5608501023231742
5,10,50.11872336272725,159117.0714797887,1.995857393536813E-8,-1.5598220447051876
5,10,56.23413251903491,141919.49593345536,1.9943880347493087E-8,-1.558735398943625
5,10,63.09573444801933,126599.73616104528,1.992622928400372E-8,-1.5576041083403855
5,10,70.79457843841381,112952.84959851012,1.9905250293862837E-8,-1.5564485609642795
5,10,79.43282347242817,100795.73766901741,1.988062968887651E-8,-1.5552963103666086
5,10,89.12509381337459,89964.72270565263,1.9852162809719938E-8,-1.5541821248841317
5,10,100,80313.44358821989,1.9819811899979197E-8,-1.5531470340309914
5,10,112.20184543019641,71711.03822537877,1.9783764312851845E-8,-1.5522360345449755
5,10,125.89254117941675,64040.60795239552,1.9744475062350814E-8,-1.5514944044115597
5,10,141.2537544622754,57197.919007148615,1.9702681044871503E-8,-1.5509629030535395
5,10,158.48931924611142,51090.29237145852,1.9659374069780114E-8,-1.5506726181512451
5,10,177.82794100389228,45635.61088682885,1.9615730520522163E-8,-1.5506405289649434
5,10,199.52623149688807,40761.373923871906,1.95730078560856E-8,-1.5508668754449442
5,10,223.872113856834,36403.75314739202,1.9532427388176892E-8,-1.5513350733496356
5,10,251.18864315095823,32506.62723467773,1.9495071311381897E-8,-1.5520141501362363
5,10,281.8382931264455,29020.61612500817,1.946181508580392E-8,-1.5528630616550114
5,10,316.22776601683796,25902.160061764305,1.9433302716393897E-8,-1.5538358709349118
5,10,354.81338923357566,23112.67357614201,1.940997218802222E-8,-1.5548865001761656
5,10,398.1071705534973,20617.817617400975,1.9392114074398248E-8,-1.555972463297756
5,10,446.6835921509635,18386.903920503566,1.9379943878926554E-8,-1.557057309467411
5,10,501.18723362727246,16392.397844838684,1.9373700738154084E-8,-1.5581114539654743
5,10,562.341325190349,14609.600928428144,1.9373648530295438E-8,-1.5591136398716308
5,10,630.9573444801937,13016.087109627895,1.9380491491677132E-8,-1.5600448597709229
5,10,707.945784384138,11591.732522173055,1.9395147028476093E-8,-1.5608933286123061
5,10,794.3282347242822,10318.368667724866,1.9419017525628435E-8,-1.5616507267272632
5,10,891.2509381337459,9179.5296310326,1.9454288108491126E-8,-1.5623097158033998
5,10,1000,8160.265128292911,1.9504262381521792E-8,-1.5628625875569013
5,10,1122.018454301964,7246.907014878092,1.9574002977825135E-8,-1.5632985737600098
5,10,1258.9254117941675,6426.7834391897295,1.9671510670447216E-8,-1.5635995167933312
5,10,1412.5375446227554,5687.8309948286305,1.9809991287432E-8,-1.5637321142799048
5,10,1584.893192461114,5018.004780945646,2.0012447484007895E-8,-1.5636324354805384
5,10,1778.2794100389228,4403.914418877955,2.032328541370762E-8,-1.5631622110508807
5,10,1995.262314968881,3827.7430435505335,2.0839832387862117E-8,-1.5619833029064518
5,10,2238.72113856834,3257.609569671003,2.1824837960904724E-8,-1.5590565488739208
5,10,2511.886431509582,2606.0932369918582,2.4318057980706527E-8,-1.5494766443928232
5,10,2818.382931264455,1382.926413466979,4.1127597973762844E-8,-1.451220408848491
5,10,3162.2776601683795,8151.113853076093,6.236307719730966E-9,-1.429911893418956
5,10,3548.1338923357566,3338.840160827554,1.3434820156555285E-8,-1.5649767544503324
5,10,3981.0717055349733,2624.472334695626,1.5232751634474583E-8,-1.5697703745228322
5,10,4466.835921509635,2222.0884090116024,1.603462501206076E-8,-1.5705790034138212
5,10,5011.872336272725,1926.3684160747796,1.6484689934356285E-8,-1.570761641354178
5,10,5623.413251903491,1687.3766566344532,1.6772897574081607E-8,-1.5707959016531388
5,10,6309.573444801937,1485.8304138211386,1.6976606718671037E-8,-1.5707883941735574
5,10,7079.457843841381,1311.9811252903226,1.7135332840818148E-8,-1.5707668589738304
5,10,7943.282347242822,1159.825354363047,1.7275377011452754E-8,-1.5707355879290652
5,10,8912.509381337459,1024.8484752345303,1.7424506030189618E-8,-1.5706840750461895
5,10,10000,902.0906503882065,1.764289958219605E-8,-1.570558620312156
5,10,11220.18454301963,775.9879290340676,1.827954499993862E-8,-1.569800430654907
5,10,12589.254117941688,850.3026451475414,1.4867982434923892E-8,-1.5657921392654952
5,10,14125.375446227554,668.223069842061,1.6861595589474268E-8,-1.5706891993871788
5,10,15848.93192461114,584.6598578307312,1.71757952785196E-8,-1.5707892260682568
5,10,17782.794100389227,515.4774678553255,1.7362427494906654E-8,-1.5707950706995344
5,10,19952.62314968879,454.7794231081287,1.7539585480006597E-8,-1.5707768059013414
5,10,22387.211385683422,400.15527219938053,1.7766079036895793E-8,-1.570714092697036
5,10,25118.864315095823,348.79315870907374,1.8165702952450178E-8,-1.570396848637306
5,10,28183.82931264455,278.73846136958684,2.026051096058702E-8,-1.5596125546096424
5,10,31622.776601683792,290.2274499569648,1.7341391941125498E-8,-1.567535883535888
5,10,35481.33892335753,241.38695842113012,1.8582611819895865E-8,-1.5693962516130984
5,10,39810.71705534977,194.36337748660785,2.0570682590032898E-8,-1.5567231104010935
5,10,44668.359215096345,114.44295987423995,3.113440674504654E-8,-1.5641664822215584
